drop DATABASE if EXISTS PROJECT_SOFTWARE;
create database PROJECT_SOFTWARE;
use PROJECT_SOFTWARE;
show tables;

-- PR_PEOPLE_BT

CREATE TABLE PR_PEOPLE_BT
(
    PERSON_ID INT NOT NULL AUTO_INCREMENT,
    SVNR VARCHAR(12) NOT NULL UNIQUE,
    LAST_NAME VARCHAR(45) NOT NULL,
    FIRST_NAME VARCHAR(45) NOT NULL,
    PRIMARY KEY (PERSON_ID)
);

INSERT INTO PR_PEOPLE_BT (SVNR, LAST_NAME, FIRST_NAME) VALUES
('895153182369', 'Franz', 'Meistermann');

INSERT INTO PR_PEOPLE_BT (SVNR, LAST_NAME, FIRST_NAME) VALUES
('224073985152', 'Josef', 'Sthl');

INSERT INTO PR_PEOPLE_BT (SVNR, LAST_NAME, FIRST_NAME) VALUES
('736417196962', 'Simon', 'Hamanek');

INSERT INTO PR_PEOPLE_BT (SVNR, LAST_NAME, FIRST_NAME) VALUES
('421356999805', 'David', 'Kaufmann');

INSERT INTO PR_PEOPLE_BT (SVNR, LAST_NAME, FIRST_NAME) VALUES
('645092171962', 'Marvin', 'Lochner');

INSERT INTO PR_PEOPLE_BT (SVNR, LAST_NAME, FIRST_NAME) VALUES
('869063875696', 'Paul', 'Panhofer');

INSERT INTO PR_PEOPLE_BT (SVNR, LAST_NAME, FIRST_NAME) VALUES
('898651365296', 'Sebastian', 'Milo');

INSERT INTO PR_PEOPLE_BT (SVNR, LAST_NAME, FIRST_NAME) VALUES
('754350172503', 'Angela', 'Merkel');

INSERT INTO PR_PEOPLE_BT (SVNR, LAST_NAME, FIRST_NAME) VALUES
('142389048313', 'Marcel', 'Gang');

INSERT INTO PR_PEOPLE_BT (SVNR, LAST_NAME, FIRST_NAME) VALUES
('772727731657', 'Friedrich', 'Weichsel');

-- PR_QUALITY_MANAGER

CREATE TABLE PR_QUALITY_MANAGER
(
    QUALITY_MANAGER_ID INT NOT NULL,
    PRIMARY KEY (QUALITY_MANAGER_ID),
    CONSTRAINT FK_PR_QM_MANAGER_ID FOREIGN KEY (QUALITY_MANAGER_ID)
        REFERENCES PR_PEOPLE_BT (PERSON_ID)
            ON DELETE CASCADE
);

INSERT INTO PR_QUALITY_MANAGER (QUALITY_MANAGER_ID)
VALUES ('1');

INSERT INTO PR_QUALITY_MANAGER (QUALITY_MANAGER_ID)
VALUES ('6');

INSERT INTO PR_QUALITY_MANAGER (QUALITY_MANAGER_ID)
VALUES ('7');

INSERT INTO PR_QUALITY_MANAGER (QUALITY_MANAGER_ID)
VALUES ('9');

INSERT INTO PR_QUALITY_MANAGER (QUALITY_MANAGER_ID)
VALUES ('10');

-- PR_SOFTWARE_DEVELOPER

CREATE TABLE PR_SOFTWARE_DEVELOPER
(
    SOFTWARE_DEVELOPER_ID INT NOT NULL,
    PRIMARY KEY (SOFTWARE_DEVELOPER_ID),
    CONSTRAINT FK_PR_SD_DEVELOPER_ID FOREIGN KEY (SOFTWARE_DEVELOPER_ID)
        REFERENCES PR_PEOPLE_BT (PERSON_ID)
            ON DELETE CASCADE
);

INSERT INTO PR_SOFTWARE_DEVELOPER (SOFTWARE_DEVELOPER_ID)
VALUES ('2');

INSERT INTO PR_SOFTWARE_DEVELOPER (SOFTWARE_DEVELOPER_ID)
VALUES ('3');

INSERT INTO PR_SOFTWARE_DEVELOPER (SOFTWARE_DEVELOPER_ID)
VALUES ('4');

INSERT INTO PR_SOFTWARE_DEVELOPER (SOFTWARE_DEVELOPER_ID)
VALUES ('5');

INSERT INTO PR_SOFTWARE_DEVELOPER (SOFTWARE_DEVELOPER_ID)
VALUES ('8');

-- PR_PROJECTS

CREATE TABLE PR_PROJECTS
(
    PROJECT_ID INT NOT NULL AUTO_INCREMENT,
    LABEL VARCHAR(45) NOT NULL UNIQUE,
    BUDGET DECIMAL(10, 2) NOT NULL,
    MANAGER_ID INT NOT NULL,
    PRIMARY KEY (PROJECT_ID),
    CONSTRAINT FK_PR_P_MANAGER_ID FOREIGN KEY (MANAGER_ID)
        REFERENCES PR_SOFTWARE_DEVELOPER (SOFTWARE_DEVELOPER_ID)
);

INSERT INTO PR_PROJECTS (LABEL, BUDGET, MANAGER_ID)
VALUES ('Hello world', 200, 2);

INSERT INTO PR_PROJECTS (LABEL, BUDGET, MANAGER_ID)
VALUES ('Kaufmann Go', 3000, 2);

INSERT INTO PR_PROJECTS (LABEL, BUDGET, MANAGER_ID)
VALUES ('Mario VII', 40000, 3);

INSERT INTO PR_PROJECTS (LABEL, BUDGET, MANAGER_ID)
VALUES ('Mister Yellow', 80000, 4);

INSERT INTO PR_PROJECTS (LABEL, BUDGET, MANAGER_ID)
VALUES ('Atom bomb explosion simulator', 800000, 5);

-- PR_SOFTWARE_APPS

CREATE TABLE PR_SOFTWARE_APPS
(
    SOFTWARE_APP_ID INT NOT NULL AUTO_INCREMENT,
    TITLE           VARCHAR(45)  NOT NULL UNIQUE,
    DESCRIPTION     VARCHAR(255),
    PRIMARY KEY (SOFTWARE_APP_ID)
);

INSERT INTO PR_SOFTWARE_APPS (TITLE, DESCRIPTION)
VALUES ('Software Supreme','Supreme results');

INSERT INTO PR_SOFTWARE_APPS (TITLE, DESCRIPTION)
VALUES ('Extreme software','Hard life simulator');

INSERT INTO PR_SOFTWARE_APPS (TITLE, DESCRIPTION)
VALUES ('iSoft','Apple is no longer king');

INSERT INTO PR_SOFTWARE_APPS (TITLE, DESCRIPTION)
VALUES ('Illuminatos','Illuminate rooms');

INSERT INTO PR_SOFTWARE_APPS (TITLE, DESCRIPTION)
VALUES ('Racing X','Race against Mister yellow');

-- PR_PROJECT_SCHEDULES_JT

CREATE TABLE PR_PROJECT_SCHEDULES_JT
(
    PERSON_ID INT NOT NULL,
    PROJECT_ID INT NOT NULL,
    SOFTWARE_APP_ID INT NOT NULL,
    PRIMARY KEY (PERSON_ID, PROJECT_ID, SOFTWARE_APP_ID),
    CONSTRAINT FK_PR_PS_JT_PERSON_ID FOREIGN KEY (PERSON_ID)
        REFERENCES PR_PEOPLE_BT (PERSON_ID),
    CONSTRAINT FK_PR_PS_JT_PROJECT_ID FOREIGN KEY (PROJECT_ID)
        REFERENCES PR_PROJECTS (PROJECT_ID),
    CONSTRAINT FK_PR_PS_JT_SA_ID FOREIGN KEY (SOFTWARE_APP_ID)
        REFERENCES PR_SOFTWARE_APPS (SOFTWARE_APP_ID)
);

INSERT INTO PR_PROJECT_SCHEDULES_JT (PERSON_ID, PROJECT_ID, SOFTWARE_APP_ID)
VALUES (2, 2, 1);

INSERT INTO PR_PROJECT_SCHEDULES_JT (PERSON_ID, PROJECT_ID, SOFTWARE_APP_ID)
VALUES (3, 2, 1);

INSERT INTO PR_PROJECT_SCHEDULES_JT (PERSON_ID, PROJECT_ID, SOFTWARE_APP_ID)
VALUES (4, 2, 1);

INSERT INTO PR_PROJECT_SCHEDULES_JT (PERSON_ID, PROJECT_ID, SOFTWARE_APP_ID)
VALUES (5, 2, 1);

INSERT INTO PR_PROJECT_SCHEDULES_JT (PERSON_ID, PROJECT_ID, SOFTWARE_APP_ID)
VALUES (10, 2, 1);

-- PR_SOFTWARE_PACKAGES

CREATE TABLE PR_SOFTWARE_PACKAGES
(
    NAME VARCHAR(45) NOT NULL,
    PACKAGE_VERSION VARCHAR(21) NOT NULL,
    PRIMARY KEY (NAME, PACKAGE_VERSION)
);

INSERT INTO PR_SOFTWARE_PACKAGES(NAME, PACKAGE_VERSION)
VALUES ('Sublime Text', '4.5.11');

INSERT INTO PR_SOFTWARE_PACKAGES(NAME, PACKAGE_VERSION)
VALUES ('Kleopatra', '4.5.11');

INSERT INTO PR_SOFTWARE_PACKAGES(NAME, PACKAGE_VERSION)
VALUES ('Workbench', '2.0.1');

INSERT INTO PR_SOFTWARE_PACKAGES(NAME, PACKAGE_VERSION)
VALUES ('Microsoft Word', '3.6.3');

INSERT INTO PR_SOFTWARE_PACKAGES(NAME, PACKAGE_VERSION)
VALUES ('Google Maps', '4.5.11');

-- PR_SOFTWARE_VERSIONS

CREATE TABLE PR_SOFTWARE_VERSIONS
(
    SOFTWARE_APP_ID INT NOT NULL,
    VERSION_NUMBER VARCHAR(21) NOT NULL,
    PRIMARY KEY (SOFTWARE_APP_ID, VERSION_NUMBER),
    CONSTRAINT FK_PR_SV_SA_ID FOREIGN KEY (SOFTWARE_APP_ID)
        REFERENCES PR_SOFTWARE_APPS (SOFTWARE_APP_ID)
);

INSERT INTO PR_SOFTWARE_VERSIONS(SOFTWARE_APP_ID, VERSION_NUMBER)
VALUES ('1', '1');

INSERT INTO PR_SOFTWARE_VERSIONS(SOFTWARE_APP_ID, VERSION_NUMBER)
VALUES ('2', '1');

INSERT INTO PR_SOFTWARE_VERSIONS(SOFTWARE_APP_ID, VERSION_NUMBER)
VALUES ('3', '1');

INSERT INTO PR_SOFTWARE_VERSIONS(SOFTWARE_APP_ID, VERSION_NUMBER)
VALUES ('4', '1');

INSERT INTO PR_SOFTWARE_VERSIONS(SOFTWARE_APP_ID, VERSION_NUMBER)
VALUES ('5', '1');

-- SOFTWARE_VERSION_PACKAGES_JT

CREATE TABLE SOFTWARE_VERSION_PACKAGES_JT
(
    SOFTWARE_APP_ID INT NOT NULL,
    VERSION_NUMBER VARCHAR(21) NOT NULL,
    NAME VARCHAR(45) NOT NULL,
    PACKAGE_VERSION VARCHAR(21) NOT NULL,
    PRIMARY KEY (SOFTWARE_APP_ID, VERSION_NUMBER, NAME, PACKAGE_VERSION),
    CONSTRAINT FK_PR_SVP_SV FOREIGN KEY (SOFTWARE_APP_ID, VERSION_NUMBER)
        REFERENCES PR_SOFTWARE_VERSIONS (SOFTWARE_APP_ID, VERSION_NUMBER),
    CONSTRAINT FK_PR_SVP_SP FOREIGN KEY (NAME, PACKAGE_VERSION)
        REFERENCES PR_SOFTWARE_PACKAGES (NAME, PACKAGE_VERSION)
);

INSERT INTO SOFTWARE_VERSION_PACKAGES_JT(SOFTWARE_APP_ID, VERSION_NUMBER, NAME, PACKAGE_VERSION)
VALUES (1, '1', 'Microsoft Word', '3.6.3');

INSERT INTO SOFTWARE_VERSION_PACKAGES_JT(SOFTWARE_APP_ID, VERSION_NUMBER, NAME, PACKAGE_VERSION)
VALUES (2, '1', 'Google Maps', '4.5.11');

INSERT INTO SOFTWARE_VERSION_PACKAGES_JT(SOFTWARE_APP_ID, VERSION_NUMBER, NAME, PACKAGE_VERSION)
VALUES (3, '1', 'Workbench', '2.0.1');

INSERT INTO SOFTWARE_VERSION_PACKAGES_JT(SOFTWARE_APP_ID, VERSION_NUMBER, NAME, PACKAGE_VERSION)
VALUES (4, '1', 'Sublime Text', '4.5.11');

INSERT INTO SOFTWARE_VERSION_PACKAGES_JT(SOFTWARE_APP_ID, VERSION_NUMBER, NAME, PACKAGE_VERSION)
VALUES (5, '1', 'Kleopatra', '4.5.11');

-- PR_BUG_REPORTS

CREATE TABLE PR_BUG_REPORTS
(
    BUG_REPORT_ID INT NOT NULL AUTO_INCREMENT,
    DATE_OF_CREATION DATETIME NOT NULL,
    DESCRIPTION VARCHAR(4000) NOT NULL,
    SOFTWARE_APP_ID INT NOT NULL,
    VERSION_NUMBER VARCHAR(21) NOT NULL,
    PRIMARY KEY (BUG_REPORT_ID),
    CONSTRAINT FK_PR_BR_SA_ID_VN FOREIGN KEY (SOFTWARE_APP_ID, VERSION_NUMBER)
        REFERENCES PR_SOFTWARE_VERSIONS (SOFTWARE_APP_ID, VERSION_NUMBER)
);

INSERT INTO PR_BUG_REPORTS (DATE_OF_CREATION, DESCRIPTION, SOFTWARE_APP_ID, VERSION_NUMBER)
VALUES (str_to_date('24.4.2020', '%d.%m.%Y'), 'Program crashes.', 1, 1);

INSERT INTO PR_BUG_REPORTS (DATE_OF_CREATION, DESCRIPTION, SOFTWARE_APP_ID, VERSION_NUMBER)
VALUES (str_to_date('05.8.2021', '%d.%m.%Y'), 'Program uses 100% of resources.', 1, 1);

INSERT INTO PR_BUG_REPORTS (DATE_OF_CREATION, DESCRIPTION, SOFTWARE_APP_ID, VERSION_NUMBER)
VALUES (str_to_date('04.6.2020', '%d.%m.%Y'), 'Does random things.', 2, 1);

INSERT INTO PR_BUG_REPORTS (DATE_OF_CREATION, DESCRIPTION, SOFTWARE_APP_ID, VERSION_NUMBER)
VALUES (str_to_date('23.12.2021', '%d.%m.%Y'), 'Does not open.', 4, 1);

INSERT INTO PR_BUG_REPORTS (DATE_OF_CREATION, DESCRIPTION, SOFTWARE_APP_ID, VERSION_NUMBER)
VALUES (str_to_date('15.09.2020', '%d.%m.%Y'), 'Error is occuring.', 5, 1);

-- PR_E_EXTENSION_TYPES

CREATE TABLE PR_E_EXTENSION_TYPES
(
    TYPE VARCHAR(5),
    PRIMARY KEY (TYPE)
);

INSERT INTO PR_E_EXTENSION_TYPES (TYPE)
VALUES ('TXT');

INSERT INTO PR_E_EXTENSION_TYPES (TYPE)
VALUES ('SRC');

INSERT INTO PR_E_EXTENSION_TYPES (TYPE)
VALUES ('SH');

INSERT INTO PR_E_EXTENSION_TYPES (TYPE)
VALUES ('PHP');

INSERT INTO PR_E_EXTENSION_TYPES (TYPE)
VALUES ('CLASS');

INSERT INTO PR_E_EXTENSION_TYPES (TYPE)
VALUES ('PNG');

INSERT INTO PR_E_EXTENSION_TYPES (TYPE)
VALUES ('JPG');

-- PR_FILES_BT

CREATE TABLE PR_FILES_BT
(
    PACKAGE_NAME VARCHAR(45) NOT NULL,
    PACKAGE_VERSION VARCHAR(21) NOT NULL,
    NAME VARCHAR(255) NOT NULL,
    CONTENT VARCHAR(4000) NOT NULL,
    EXTENSION VARCHAR(5) NOT NULL,
    PRIMARY KEY (PACKAGE_NAME, PACKAGE_VERSION, NAME),
    CONSTRAINT FK_PR_FBT_PCK FOREIGN KEY (PACKAGE_NAME, PACKAGE_VERSION)
        REFERENCES PR_SOFTWARE_PACKAGES (NAME, PACKAGE_VERSION),
    CONSTRAINT FK_PR_FBT_EXT FOREIGN KEY (EXTENSION)
        REFERENCES PR_E_EXTENSION_TYPES (TYPE)
);

INSERT INTO PR_FILES_BT (PACKAGE_NAME, PACKAGE_VERSION, NAME, CONTENT, EXTENSION)
VALUES ('Microsoft Word','3.6.3','Letter','A letter','TXT');

INSERT INTO PR_FILES_BT (PACKAGE_NAME, PACKAGE_VERSION, NAME, CONTENT, EXTENSION)
VALUES ('Microsoft Word','3.6.3','iOS','Image','JPG');

INSERT INTO PR_FILES_BT (PACKAGE_NAME, PACKAGE_VERSION, NAME, CONTENT, EXTENSION)
VALUES ('Sublime Text','4.5.11','File','PHP files?','PHP');

INSERT INTO PR_FILES_BT (PACKAGE_NAME, PACKAGE_VERSION, NAME, CONTENT, EXTENSION)
VALUES ('Sublime Text','4.5.11','Version 4_5_11','Better image quality','PNG');

INSERT INTO PR_FILES_BT (PACKAGE_NAME, PACKAGE_VERSION, NAME, CONTENT, EXTENSION)
VALUES ('Kleopatra','4.5.11','QuerySharp','Number 5','SRC');

INSERT INTO PR_FILES_BT (PACKAGE_NAME, PACKAGE_VERSION, NAME, CONTENT, EXTENSION)
VALUES ('Kleopatra','4.5.11','WS2','Maker 2','SRC');

INSERT INTO PR_FILES_BT (PACKAGE_NAME, PACKAGE_VERSION, NAME, CONTENT, EXTENSION)
VALUES ('Workbench','2.0.1','SQL2021','Source','SRC');

INSERT INTO PR_FILES_BT (PACKAGE_NAME, PACKAGE_VERSION, NAME, CONTENT, EXTENSION)
VALUES ('Workbench','2.0.1','Sharpener','Sharpens','SH');

INSERT INTO PR_FILES_BT (PACKAGE_NAME, PACKAGE_VERSION, NAME, CONTENT, EXTENSION)
VALUES ('Google Maps','4.5.11','MEDT','Updated visuals','SRC');

INSERT INTO PR_FILES_BT (PACKAGE_NAME, PACKAGE_VERSION, NAME, CONTENT, EXTENSION)
VALUES ('Google Maps','4.5.11','MEDT2','Graphical perfection','SRC');

-- PR_RESSOURCE_FILES

CREATE TABLE PR_RESSOURCE_FILES
(
    PACKAGE_NAME VARCHAR(45) NOT NULL,
    PACKAGE_VERSION VARCHAR(21) NOT NULL,
    FILE_NAME VARCHAR(255) NOT NULL,
    PRIMARY KEY (PACKAGE_NAME, PACKAGE_VERSION, FILE_NAME),
    CONSTRAINT FK_PR_RF_FILE FOREIGN KEY (PACKAGE_NAME, PACKAGE_VERSION, FILE_NAME)
        REFERENCES PR_FILES_BT (PACKAGE_NAME, PACKAGE_VERSION, NAME)
);

INSERT INTO PR_RESSOURCE_FILES (PACKAGE_NAME, PACKAGE_VERSION, FILE_NAME)
VALUES ('Microsoft Word','3.6.3','Letter');

INSERT INTO PR_RESSOURCE_FILES (PACKAGE_NAME, PACKAGE_VERSION, FILE_NAME)
VALUES ('Microsoft Word','3.6.3','iOS');

INSERT INTO PR_RESSOURCE_FILES (PACKAGE_NAME, PACKAGE_VERSION, FILE_NAME)
VALUES ('Sublime Text','4.5.11','File');

INSERT INTO PR_RESSOURCE_FILES (PACKAGE_NAME, PACKAGE_VERSION, FILE_NAME)
VALUES ('Sublime Text','4.5.11','Version 4_5_11');

INSERT INTO PR_RESSOURCE_FILES (PACKAGE_NAME, PACKAGE_VERSION, FILE_NAME)
VALUES ('Workbench','2.0.1','Sharpener');

-- PR_SOURCE_FILES

CREATE TABLE PR_SOURCE_FILES
(
    PACKAGE_NAME VARCHAR(45) NOT NULL,
    PACKAGE_VERSION VARCHAR(21) NOT NULL,
    FILE_NAME VARCHAR(255) NOT NULL,
    PRIMARY KEY (PACKAGE_NAME, PACKAGE_VERSION, FILE_NAME),
    CONSTRAINT FK_PR_SF_FILE FOREIGN KEY (PACKAGE_NAME, PACKAGE_VERSION, FILE_NAME)
        REFERENCES PR_FILES_BT (PACKAGE_NAME, PACKAGE_VERSION, NAME)
);

INSERT INTO PR_SOURCE_FILES (PACKAGE_NAME, PACKAGE_VERSION, FILE_NAME)
VALUES ('Kleopatra','4.5.11','WS2');

INSERT INTO PR_SOURCE_FILES (PACKAGE_NAME, PACKAGE_VERSION, FILE_NAME)
VALUES ('Workbench','2.0.1','SQL2021');

INSERT INTO PR_SOURCE_FILES (PACKAGE_NAME, PACKAGE_VERSION, FILE_NAME)
VALUES ('Google Maps','4.5.11','MEDT');

INSERT INTO PR_SOURCE_FILES (PACKAGE_NAME, PACKAGE_VERSION, FILE_NAME)
VALUES ('Google Maps','4.5.11','MEDT2');

-- PR_E_SKILL_LEVEL

CREATE TABLE PR_E_SKILL_LEVEL
(
    SKILL_LEVEL VARCHAR(30),
    PRIMARY KEY (SKILL_LEVEL)
);

INSERT INTO PR_E_SKILL_LEVEL (SKILL_LEVEL)
VALUES ('BASIC');

INSERT INTO PR_E_SKILL_LEVEL (SKILL_LEVEL)
VALUES ('INTERMEDIATE');

INSERT INTO PR_E_SKILL_LEVEL (SKILL_LEVEL)
VALUES ('MASTER');

-- PR_PROGRAMMING_LANGUAGES

CREATE TABLE PR_PROGRAMMING_LANGUAGES
(
    NAME VARCHAR(45) NOT NULL,
    PRIMARY KEY (NAME)
);

INSERT INTO PR_PROGRAMMING_LANGUAGES (NAME)
VALUES('F#');

INSERT INTO PR_PROGRAMMING_LANGUAGES (NAME)
VALUES('Pascal');

INSERT INTO PR_PROGRAMMING_LANGUAGES (NAME)
VALUES('Ruby');

INSERT INTO PR_PROGRAMMING_LANGUAGES (NAME)
VALUES('C+');

INSERT INTO PR_PROGRAMMING_LANGUAGES (NAME)
VALUES('PHP');

-- PR_PROGRAMMING_SKILLS_JT

CREATE TABLE PR_PROGRAMMING_SKILLS_JT
(
    DEVELOPER_ID INT NOT NULL,
    LANGUAGE_NAME VARCHAR(45) NOT NULL,
    SKILL_LEVEL VARCHAR(30) NOT NULL,
    PRIMARY KEY (DEVELOPER_ID, LANGUAGE_NAME, SKILL_LEVEL),
    CONSTRAINT FK_PR_PSJ_DI FOREIGN KEY (DEVELOPER_ID)
        REFERENCES PR_SOFTWARE_DEVELOPER (SOFTWARE_DEVELOPER_ID),
    CONSTRAINT FK_PR_PSJ_LN FOREIGN KEY (LANGUAGE_NAME)
        REFERENCES PR_PROGRAMMING_LANGUAGES (NAME),
    CONSTRAINT FK_PR_PSJ_SL FOREIGN KEY (SKILL_LEVEL)
        REFERENCES PR_E_SKILL_LEVEL (SKILL_LEVEL)
);

INSERT INTO PR_PROGRAMMING_SKILLS_JT (DEVELOPER_ID, LANGUAGE_NAME, SKILL_LEVEL)
VALUES (2, 'F#', 'INTERMEDIATE');

INSERT INTO PR_PROGRAMMING_SKILLS_JT (DEVELOPER_ID, LANGUAGE_NAME, SKILL_LEVEL)
VALUES (2, 'PHP', 'INTERMEDIATE');

INSERT INTO PR_PROGRAMMING_SKILLS_JT (DEVELOPER_ID, LANGUAGE_NAME, SKILL_LEVEL)
VALUES (2, 'Ruby', 'INTERMEDIATE');

INSERT INTO PR_PROGRAMMING_SKILLS_JT (DEVELOPER_ID, LANGUAGE_NAME, SKILL_LEVEL)
VALUES (3, 'F#', 'INTERMEDIATE');

INSERT INTO PR_PROGRAMMING_SKILLS_JT (DEVELOPER_ID, LANGUAGE_NAME, SKILL_LEVEL)
VALUES (3, 'PHP', 'BASIC');

INSERT INTO PR_PROGRAMMING_SKILLS_JT (DEVELOPER_ID, LANGUAGE_NAME, SKILL_LEVEL)
VALUES (3, 'Ruby', 'MASTER');

-- PR_SOURCE_FILES_LANGUAGES

CREATE TABLE PR_SOURCE_FILES_LANGUAGES
(
    SF_PACKAGE_NAME VARCHAR(45) NOT NULL,
    SF_PACKAGE_VERSION VARCHAR(21) NOT NULL,
    SF_FILE_NAME VARCHAR(255) NOT NULL,
    PROGRAMMING_LANGUAGE VARCHAR(45) NOT NULL,
    PRIMARY KEY (SF_PACKAGE_NAME, SF_PACKAGE_VERSION, SF_FILE_NAME, PROGRAMMING_LANGUAGE),
    CONSTRAINT FK_PR_SFL_SF FOREIGN KEY (SF_PACKAGE_NAME, SF_PACKAGE_VERSION, SF_FILE_NAME)
        REFERENCES PR_SOURCE_FILES (PACKAGE_NAME, PACKAGE_VERSION, FILE_NAME),
    CONSTRAINT FK_PR_SFL_LAN FOREIGN KEY (PROGRAMMING_LANGUAGE)
        REFERENCES PR_PROGRAMMING_LANGUAGES (NAME)
);

INSERT INTO PR_SOURCE_FILES_LANGUAGES (SF_PACKAGE_NAME, SF_PACKAGE_VERSION, SF_FILE_NAME, PROGRAMMING_LANGUAGE)
VALUES ('Google Maps', '4.5.11', 'MEDT', 'F#');

INSERT INTO PR_SOURCE_FILES_LANGUAGES (SF_PACKAGE_NAME, SF_PACKAGE_VERSION, SF_FILE_NAME, PROGRAMMING_LANGUAGE)
VALUES ('Workbench', '2.0.1', 'SQL2021', 'PHP');

INSERT INTO PR_SOURCE_FILES_LANGUAGES (SF_PACKAGE_NAME, SF_PACKAGE_VERSION, SF_FILE_NAME, PROGRAMMING_LANGUAGE)
VALUES ('Kleopatra', '4.5.11', 'WS2', 'C+');