use outerrim;
INSERT INTO AIRCRAFT_SPECIFICATIONS (SPECIFICATION_ID, BRAND, HYPERDRIVE_VALUE, SHIP_COMBAT_VALUE, INITIAL_HULL_POINTS, PRICE) VALUES (1, 'YT-1300 Cargoship', 7, 4, 5, 20000);
INSERT INTO AIRCRAFT_SPECIFICATIONS (SPECIFICATION_ID, BRAND, HYPERDRIVE_VALUE, SHIP_COMBAT_VALUE, INITIAL_HULL_POINTS, PRICE) VALUES (2, 'YT-1500 Milenium Falcon', 7, 5, 5, 25000);
INSERT INTO AIRCRAFT_SPECIFICATIONS (SPECIFICATION_ID, BRAND, HYPERDRIVE_VALUE, SHIP_COMBAT_VALUE, INITIAL_HULL_POINTS, PRICE) VALUES (3, 'YV-500 Cargoship', 7, 3, 5, 15000);
INSERT INTO AIRCRAFT_SPECIFICATIONS (SPECIFICATION_ID, BRAND, HYPERDRIVE_VALUE, SHIP_COMBAT_VALUE, INITIAL_HULL_POINTS, PRICE) VALUES (4, 'Lance Class Interceptor', 6, 4, 5, 10000);
INSERT INTO AIRCRAFT_SPECIFICATIONS (SPECIFICATION_ID, BRAND, HYPERDRIVE_VALUE, SHIP_COMBAT_VALUE, INITIAL_HULL_POINTS, PRICE) VALUES (5, 'HWK-290 Cargoship', 6, 3, 4, 5000);
INSERT INTO AIRCRAFT_SPECIFICATIONS (SPECIFICATION_ID, BRAND, HYPERDRIVE_VALUE, SHIP_COMBAT_VALUE, INITIAL_HULL_POINTS, PRICE) VALUES (6, 'VCX 100 Cargoship - Ghost', 7, 5, 5, 3000);
INSERT INTO AIRCRAFT_SPECIFICATIONS (SPECIFICATION_ID, BRAND, HYPERDRIVE_VALUE, SHIP_COMBAT_VALUE, INITIAL_HULL_POINTS, PRICE) VALUES (7, 'Firespary 31', 6, 5, 6, 2000);

INSERT INTO E_SECTORS (CODE) VALUES ('SECTOR_I');
INSERT INTO E_SECTORS (CODE) VALUES ('SECTOR_II');
INSERT INTO E_SECTORS (CODE) VALUES ('SECTOR_III');
INSERT INTO E_SECTORS (CODE) VALUES ('SECTOR_IV');

INSERT INTO SPACES_BT (SPACE_ID, CODE, SECTOR_CODE, SPACE_TYPE) VALUES (2, 'NAV_I', 'SECTOR_I', 'NAVIGATION_POINT');
INSERT INTO SPACES_BT (SPACE_ID, CODE, SECTOR_CODE, SPACE_TYPE) VALUES (3, 'NAV_II', 'SECTOR_I', 'NAVIGATION_POINT');
INSERT INTO SPACES_BT (SPACE_ID, CODE, SECTOR_CODE, SPACE_TYPE) VALUES (4, 'NAV_III', 'SECTOR_I', 'NAVIGATION_POINT');
INSERT INTO SPACES_BT (SPACE_ID, CODE, SECTOR_CODE, SPACE_TYPE) VALUES (5, 'TATOOINE', 'SECTOR_I', 'PLANET');
INSERT INTO SPACES_BT (SPACE_ID, CODE, SECTOR_CODE, SPACE_TYPE) VALUES (6, 'NAV_V', 'SECTOR_I', 'NAVIGATION_POINT');
INSERT INTO SPACES_BT (SPACE_ID, CODE, SECTOR_CODE, SPACE_TYPE) VALUES (7, 'NAL_HUTTA', 'SECTOR_I', 'PLANET');
INSERT INTO SPACES_BT (SPACE_ID, CODE, SECTOR_CODE, SPACE_TYPE) VALUES (8, 'NAV_VII', 'SECTOR_I', 'NAVIGATION_POINT');
INSERT INTO SPACES_BT (SPACE_ID, CODE, SECTOR_CODE, SPACE_TYPE) VALUES (9, 'NAV_IV', 'SECTOR_II', 'NAVIGATION_POINT');
INSERT INTO SPACES_BT (SPACE_ID, CODE, SECTOR_CODE, SPACE_TYPE) VALUES (10, 'NAV_VI', 'SECTOR_II', 'NAVIGATION_POINT');
INSERT INTO SPACES_BT (SPACE_ID, CODE, SECTOR_CODE, SPACE_TYPE) VALUES (11, 'NAV_VIII', 'SECTOR_II', 'NAVIGATION_POINT');
INSERT INTO SPACES_BT (SPACE_ID, CODE, SECTOR_CODE, SPACE_TYPE) VALUES (12, 'NABOO', 'SECTOR_II', 'PLANET');
INSERT INTO SPACES_BT (SPACE_ID, CODE, SECTOR_CODE, SPACE_TYPE) VALUES (13, 'NAV_IX', 'SECTOR_II', 'NAVIGATION_POINT');
INSERT INTO SPACES_BT (SPACE_ID, CODE, SECTOR_CODE, SPACE_TYPE) VALUES (14, 'KESSEL', 'SECTOR_III', 'PLANET');
INSERT INTO SPACES_BT (SPACE_ID, CODE, SECTOR_CODE, SPACE_TYPE) VALUES (15, 'NAV_X', 'SECTOR_III', 'NAVIGATION_POINT');
INSERT INTO SPACES_BT (SPACE_ID, CODE, SECTOR_CODE, SPACE_TYPE) VALUES (16, 'NAV_XI', 'SECTOR_III', 'NAVIGATION_POINT');
INSERT INTO SPACES_BT (SPACE_ID, CODE, SECTOR_CODE, SPACE_TYPE) VALUES (17, 'LOTHAL', 'SECTOR_III', 'PLANET');
INSERT INTO SPACES_BT (SPACE_ID, CODE, SECTOR_CODE, SPACE_TYPE) VALUES (18, 'MON_CALAMARI', 'SECTOR_IV', 'PLANET');
INSERT INTO SPACES_BT (SPACE_ID, CODE, SECTOR_CODE, SPACE_TYPE) VALUES (19, 'NAV_XII', 'SECTOR_IV', 'NAVIGATION_POINT');
INSERT INTO SPACES_BT (SPACE_ID, CODE, SECTOR_CODE, SPACE_TYPE) VALUES (20, 'NAV_XIII', 'SECTOR_IV', 'NAVIGATION_POINT');
INSERT INTO SPACES_BT (SPACE_ID, CODE, SECTOR_CODE, SPACE_TYPE) VALUES (21, 'CANTONICA', 'SECTOR_IV', 'PLANET');
INSERT INTO SPACES_BT (SPACE_ID, CODE, SECTOR_CODE, SPACE_TYPE) VALUES (22, 'ORD MANTELL', 'SECTOR_IV', 'PLANET');
INSERT INTO SPACES_BT (SPACE_ID, CODE, SECTOR_CODE, SPACE_TYPE) VALUES (23, 'RYLOTH', 'SECTOR_II', 'PLANET');

INSERT INTO PLANETS (PLANET_ID) VALUES (5);
INSERT INTO PLANETS (PLANET_ID) VALUES (7);
INSERT INTO PLANETS (PLANET_ID) VALUES (12);
INSERT INTO PLANETS (PLANET_ID) VALUES (14);
INSERT INTO PLANETS (PLANET_ID) VALUES (17);
INSERT INTO PLANETS (PLANET_ID) VALUES (18);
INSERT INTO PLANETS (PLANET_ID) VALUES (21);
INSERT INTO PLANETS (PLANET_ID) VALUES (22);
INSERT INTO PLANETS (PLANET_ID) VALUES (23);

INSERT INTO NAVIGATION_POINTS (POINT_ID) VALUES (2);
INSERT INTO NAVIGATION_POINTS (POINT_ID) VALUES (3);
INSERT INTO NAVIGATION_POINTS (POINT_ID) VALUES (4);
INSERT INTO NAVIGATION_POINTS (POINT_ID) VALUES (6);
INSERT INTO NAVIGATION_POINTS (POINT_ID) VALUES (8);
INSERT INTO NAVIGATION_POINTS (POINT_ID) VALUES (9);
INSERT INTO NAVIGATION_POINTS (POINT_ID) VALUES (10);
INSERT INTO NAVIGATION_POINTS (POINT_ID) VALUES (11);
INSERT INTO NAVIGATION_POINTS (POINT_ID) VALUES (13);
INSERT INTO NAVIGATION_POINTS (POINT_ID) VALUES (15);
INSERT INTO NAVIGATION_POINTS (POINT_ID) VALUES (16);
INSERT INTO NAVIGATION_POINTS (POINT_ID) VALUES (19);
INSERT INTO NAVIGATION_POINTS (POINT_ID) VALUES (20);

INSERT INTO ROUTES_JT (START_SPACE_ID, END_SPACE_ID, LABEL) VALUES (2, 3, 'ROUTE_I');
INSERT INTO ROUTES_JT (START_SPACE_ID, END_SPACE_ID, LABEL) VALUES (3, 2, 'REV_ROUTE_I');
INSERT INTO ROUTES_JT (START_SPACE_ID, END_SPACE_ID, LABEL) VALUES (3, 4, 'ROUTE_II');
INSERT INTO ROUTES_JT (START_SPACE_ID, END_SPACE_ID, LABEL) VALUES (4, 3, 'REV_ROUTE_II');
INSERT INTO ROUTES_JT (START_SPACE_ID, END_SPACE_ID, LABEL) VALUES (4, 7, 'ROUTE_III');
INSERT INTO ROUTES_JT (START_SPACE_ID, END_SPACE_ID, LABEL) VALUES (7, 4, 'REV_ROUTE_III');
INSERT INTO ROUTES_JT (START_SPACE_ID, END_SPACE_ID, LABEL) VALUES (8, 7, 'ROUTE_IV');
INSERT INTO ROUTES_JT (START_SPACE_ID, END_SPACE_ID, LABEL) VALUES (7, 8, 'REV_ROUTE_IV');
INSERT INTO ROUTES_JT (START_SPACE_ID, END_SPACE_ID, LABEL) VALUES (5, 9, 'ROUTE_IX');
INSERT INTO ROUTES_JT (START_SPACE_ID, END_SPACE_ID, LABEL) VALUES (9, 5, 'REV_ROUTE_IX');
INSERT INTO ROUTES_JT (START_SPACE_ID, END_SPACE_ID, LABEL) VALUES (4, 6, 'ROUTE_V');
INSERT INTO ROUTES_JT (START_SPACE_ID, END_SPACE_ID, LABEL) VALUES (6, 4, 'REV_ROUTE_V');
INSERT INTO ROUTES_JT (START_SPACE_ID, END_SPACE_ID, LABEL) VALUES (6, 10, 'ROUTE_VI');
INSERT INTO ROUTES_JT (START_SPACE_ID, END_SPACE_ID, LABEL) VALUES (10, 6, 'REV_ROUTE_VI');
INSERT INTO ROUTES_JT (START_SPACE_ID, END_SPACE_ID, LABEL) VALUES (9, 8, 'ROUTE_VII');
INSERT INTO ROUTES_JT (START_SPACE_ID, END_SPACE_ID, LABEL) VALUES (8, 9, 'REV_ROUTE_VII');
INSERT INTO ROUTES_JT (START_SPACE_ID, END_SPACE_ID, LABEL) VALUES (4, 5, 'ROUTE_VIII');
INSERT INTO ROUTES_JT (START_SPACE_ID, END_SPACE_ID, LABEL) VALUES (5, 4, 'REV_ROUTE_VIII');
INSERT INTO ROUTES_JT (START_SPACE_ID, END_SPACE_ID, LABEL) VALUES (9, 23, 'ROUTE_X');
INSERT INTO ROUTES_JT (START_SPACE_ID, END_SPACE_ID, LABEL) VALUES (23, 9, 'REV_ROUTE_X');
INSERT INTO ROUTES_JT (START_SPACE_ID, END_SPACE_ID, LABEL) VALUES (23, 8, 'ROUTE_XI');
INSERT INTO ROUTES_JT (START_SPACE_ID, END_SPACE_ID, LABEL) VALUES (8, 23, 'REV_ROUTE_XI');
INSERT INTO ROUTES_JT (START_SPACE_ID, END_SPACE_ID, LABEL) VALUES (8, 11, 'ROUTE_XII');
INSERT INTO ROUTES_JT (START_SPACE_ID, END_SPACE_ID, LABEL) VALUES (11, 8, 'REV_ROUTE_XII');
INSERT INTO ROUTES_JT (START_SPACE_ID, END_SPACE_ID, LABEL) VALUES (8, 12, 'ROUTE_XIII');
INSERT INTO ROUTES_JT (START_SPACE_ID, END_SPACE_ID, LABEL) VALUES (12, 8, 'REV_ROUTE_XIII');
INSERT INTO ROUTES_JT (START_SPACE_ID, END_SPACE_ID, LABEL) VALUES (12, 13, 'ROUTE_XIV');
INSERT INTO ROUTES_JT (START_SPACE_ID, END_SPACE_ID, LABEL) VALUES (13, 12, 'REV_ROUTE_XIV');
INSERT INTO ROUTES_JT (START_SPACE_ID, END_SPACE_ID, LABEL) VALUES (16, 18, 'ROUTE_XIX');
INSERT INTO ROUTES_JT (START_SPACE_ID, END_SPACE_ID, LABEL) VALUES (18, 16, 'REV_ROUTE_XIX');
INSERT INTO ROUTES_JT (START_SPACE_ID, END_SPACE_ID, LABEL) VALUES (11, 14, 'ROUTE_XV');
INSERT INTO ROUTES_JT (START_SPACE_ID, END_SPACE_ID, LABEL) VALUES (14, 11, 'REV_ROUTE_XV');
INSERT INTO ROUTES_JT (START_SPACE_ID, END_SPACE_ID, LABEL) VALUES (13, 15, 'ROUTE_XVI');
INSERT INTO ROUTES_JT (START_SPACE_ID, END_SPACE_ID, LABEL) VALUES (15, 13, 'REV_ROUTE_XVI');
INSERT INTO ROUTES_JT (START_SPACE_ID, END_SPACE_ID, LABEL) VALUES (14, 15, 'ROUTE_XVII');
INSERT INTO ROUTES_JT (START_SPACE_ID, END_SPACE_ID, LABEL) VALUES (15, 14, 'REV_ROUTE_XVII');
INSERT INTO ROUTES_JT (START_SPACE_ID, END_SPACE_ID, LABEL) VALUES (15, 16, 'ROUTE_XVIII');
INSERT INTO ROUTES_JT (START_SPACE_ID, END_SPACE_ID, LABEL) VALUES (16, 15, 'REV_ROUTE_XVIII');
INSERT INTO ROUTES_JT (START_SPACE_ID, END_SPACE_ID, LABEL) VALUES (18, 19, 'ROUTE_XX');
INSERT INTO ROUTES_JT (START_SPACE_ID, END_SPACE_ID, LABEL) VALUES (19, 18, 'REV_ROUTE_XX');
INSERT INTO ROUTES_JT (START_SPACE_ID, END_SPACE_ID, LABEL) VALUES (19, 21, 'ROUTE_XXI');
INSERT INTO ROUTES_JT (START_SPACE_ID, END_SPACE_ID, LABEL) VALUES (21, 19, 'REV_ROUTE_XXI');
INSERT INTO ROUTES_JT (START_SPACE_ID, END_SPACE_ID, LABEL) VALUES (15, 17, 'ROUTE_XXII');
INSERT INTO ROUTES_JT (START_SPACE_ID, END_SPACE_ID, LABEL) VALUES (17, 15, 'REV_ROUTE_XXII');
INSERT INTO ROUTES_JT (START_SPACE_ID, END_SPACE_ID, LABEL) VALUES (17, 16, 'ROUTE_XXIII');
INSERT INTO ROUTES_JT (START_SPACE_ID, END_SPACE_ID, LABEL) VALUES (16, 17, 'REV_ROUTE_XXIII');
INSERT INTO ROUTES_JT (START_SPACE_ID, END_SPACE_ID, LABEL) VALUES (18, 20, 'ROUTE_XXIV');
INSERT INTO ROUTES_JT (START_SPACE_ID, END_SPACE_ID, LABEL) VALUES (20, 18, 'REV_ROUTE_XXIV');
INSERT INTO ROUTES_JT (START_SPACE_ID, END_SPACE_ID, LABEL) VALUES (20, 22, 'ROUTE_XXV');
INSERT INTO ROUTES_JT (START_SPACE_ID, END_SPACE_ID, LABEL) VALUES (22, 20, 'REV_ROUTE_XXV');
INSERT INTO ROUTES_JT (START_SPACE_ID, END_SPACE_ID, LABEL) VALUES (20, 21, 'ROUTE_XXVI');
INSERT INTO ROUTES_JT (START_SPACE_ID, END_SPACE_ID, LABEL) VALUES (21, 20, 'REV_ROUTE_XXVI');

INSERT INTO ROUTES_JT (START_SPACE_ID, END_SPACE_ID, LABEL) VALUES (5, 5, 'ORBIT_TETOOTINE');
INSERT INTO ROUTES_JT (START_SPACE_ID, END_SPACE_ID, LABEL) VALUES (7, 7, 'ORBIT_NAL_HUTTA');
INSERT INTO ROUTES_JT (START_SPACE_ID, END_SPACE_ID, LABEL) VALUES (12, 12, 'ORBIT_NABOO');
INSERT INTO ROUTES_JT (START_SPACE_ID, END_SPACE_ID, LABEL) VALUES (14, 14, 'ORBIT_KESSEL');
INSERT INTO ROUTES_JT (START_SPACE_ID, END_SPACE_ID, LABEL) VALUES (17, 17, 'ORBIT_LOTHAL');
INSERT INTO ROUTES_JT (START_SPACE_ID, END_SPACE_ID, LABEL) VALUES (18, 18, 'ORBIT_MON_CALAMARI');
INSERT INTO ROUTES_JT (START_SPACE_ID, END_SPACE_ID, LABEL) VALUES (21, 21, 'ORBIT_CANTONICA');
INSERT INTO ROUTES_JT (START_SPACE_ID, END_SPACE_ID, LABEL) VALUES (22, 22, 'ORBIT_ORD_MANTELL');
INSERT INTO ROUTES_JT (START_SPACE_ID, END_SPACE_ID, LABEL) VALUES (23, 23, 'ORBIT_RYLOTH');

INSERT INTO KEYWORD_ENTITIES_BT (ENTITY_ID) VALUES (1);
INSERT INTO KEYWORD_ENTITIES_BT (ENTITY_ID) VALUES (2);
INSERT INTO KEYWORD_ENTITIES_BT (ENTITY_ID) VALUES (3);
INSERT INTO KEYWORD_ENTITIES_BT (ENTITY_ID) VALUES (4);
INSERT INTO KEYWORD_ENTITIES_BT (ENTITY_ID) VALUES (5);
INSERT INTO KEYWORD_ENTITIES_BT (ENTITY_ID) VALUES (6);
INSERT INTO KEYWORD_ENTITIES_BT (ENTITY_ID) VALUES (7);
INSERT INTO KEYWORD_ENTITIES_BT (ENTITY_ID) VALUES (8);
INSERT INTO KEYWORD_ENTITIES_BT (ENTITY_ID) VALUES (9);
INSERT INTO KEYWORD_ENTITIES_BT (ENTITY_ID) VALUES (10);
INSERT INTO KEYWORD_ENTITIES_BT (ENTITY_ID) VALUES (11);
INSERT INTO KEYWORD_ENTITIES_BT (ENTITY_ID) VALUES (12);
INSERT INTO KEYWORD_ENTITIES_BT (ENTITY_ID) VALUES (13);
INSERT INTO KEYWORD_ENTITIES_BT (ENTITY_ID) VALUES (14);
INSERT INTO KEYWORD_ENTITIES_BT (ENTITY_ID) VALUES (15);
INSERT INTO KEYWORD_ENTITIES_BT (ENTITY_ID) VALUES (16);
INSERT INTO KEYWORD_ENTITIES_BT (ENTITY_ID) VALUES (17);
INSERT INTO KEYWORD_ENTITIES_BT (ENTITY_ID) VALUES (18);
INSERT INTO KEYWORD_ENTITIES_BT (ENTITY_ID) VALUES (19);
INSERT INTO KEYWORD_ENTITIES_BT (ENTITY_ID) VALUES (20);
INSERT INTO KEYWORD_ENTITIES_BT (ENTITY_ID) VALUES (21);

INSERT INTO CHARACTERS (FIRST_NAME, LAST_NAME, GROUND_COMBAT_VALUE, HEALTH, CHARACTER_ID) VALUES ('Bossk', 'Dss', 3, 4, 1);
INSERT INTO CHARACTERS (FIRST_NAME, LAST_NAME, GROUND_COMBAT_VALUE, HEALTH, CHARACTER_ID) VALUES ('Ketsu', 'Onyo', 3, 4, 2);
INSERT INTO CHARACTERS (FIRST_NAME, LAST_NAME, GROUND_COMBAT_VALUE, HEALTH, CHARACTER_ID) VALUES ('IG-88', 'Inc.', 3, 4, 3);
INSERT INTO CHARACTERS (FIRST_NAME, LAST_NAME, GROUND_COMBAT_VALUE, HEALTH, CHARACTER_ID) VALUES ('Boba ', 'Fett', 3, 4, 4);
INSERT INTO CHARACTERS (FIRST_NAME, LAST_NAME, GROUND_COMBAT_VALUE, HEALTH, CHARACTER_ID) VALUES ('Lando', 'Xalrissian', 2, 4, 5);
INSERT INTO CHARACTERS (FIRST_NAME, LAST_NAME, GROUND_COMBAT_VALUE, HEALTH, CHARACTER_ID) VALUES ('Han', 'Solo', 3, 4, 6);
INSERT INTO CHARACTERS (FIRST_NAME, LAST_NAME, GROUND_COMBAT_VALUE, HEALTH, CHARACTER_ID) VALUES ('Aphra', 'Doc', 2, 4, 7);
INSERT INTO CHARACTERS (FIRST_NAME, LAST_NAME, GROUND_COMBAT_VALUE, HEALTH, CHARACTER_ID) VALUES ('Jyn', 'Erso', 3, 4, 8);
INSERT INTO CHARACTERS (FIRST_NAME, LAST_NAME, GROUND_COMBAT_VALUE, HEALTH, CHARACTER_ID) VALUES ('Maz', 'Kanata', 2, 4, 9);
INSERT INTO CHARACTERS (FIRST_NAME, LAST_NAME, GROUND_COMBAT_VALUE, HEALTH, CHARACTER_ID) VALUES ('Hondo', 'Ohnaka', 2, 4, 10);
INSERT INTO CHARACTERS (FIRST_NAME, LAST_NAME, GROUND_COMBAT_VALUE, HEALTH, CHARACTER_ID) VALUES ('Hera', 'Syndull', 2, 4, 11);
INSERT INTO CHARACTERS (FIRST_NAME, LAST_NAME, GROUND_COMBAT_VALUE, HEALTH, CHARACTER_ID) VALUES ('Chewbacca', 'Dol', 3, 5, 12);
INSERT INTO CHARACTERS (FIRST_NAME, LAST_NAME, GROUND_COMBAT_VALUE, HEALTH, CHARACTER_ID) VALUES ('Cad ', 'Bane', 3, 4, 13);
INSERT INTO CHARACTERS (FIRST_NAME, LAST_NAME, GROUND_COMBAT_VALUE, HEALTH, CHARACTER_ID) VALUES ('Krrsantan', 'The Black', 3, 5, 14);
INSERT INTO CHARACTERS (FIRST_NAME, LAST_NAME, GROUND_COMBAT_VALUE, HEALTH, CHARACTER_ID) VALUES ('Obi Wan', 'Kenobi', 7, 4, 19);
INSERT INTO CHARACTERS (FIRST_NAME, LAST_NAME, GROUND_COMBAT_VALUE, HEALTH, CHARACTER_ID) VALUES ('Darth', 'Vader', 10, 4, 20);
INSERT INTO CHARACTERS (FIRST_NAME, LAST_NAME, GROUND_COMBAT_VALUE, HEALTH, CHARACTER_ID) VALUES ('Luke', 'Skywalker', 8, 5, 21);

INSERT INTO AIRCRAFTS (SPECIFICATION_ID, HULL_POINTS, AIRCRAFT_ID, CODE) VALUES (6, 5, 15, 'Ghost');
INSERT INTO AIRCRAFTS (SPECIFICATION_ID, HULL_POINTS, AIRCRAFT_ID, CODE) VALUES (7, 6, 16, 'Slave 1');
INSERT INTO AIRCRAFTS (SPECIFICATION_ID, HULL_POINTS, AIRCRAFT_ID, CODE) VALUES (2, 5, 17, 'Milenium Falcon');
INSERT INTO AIRCRAFTS (SPECIFICATION_ID, HULL_POINTS, AIRCRAFT_ID, CODE) VALUES (4, 4, 18, 'Shadow Caster');

INSERT INTO KEYWORDS (WORD) VALUES ('ARMORED');
INSERT INTO KEYWORDS (WORD) VALUES ('AIRCRAFT');
INSERT INTO KEYWORDS (WORD) VALUES ('ARTIFICIAL_INTELLIGENCE');
INSERT INTO KEYWORDS (WORD) VALUES ('BOMBER');
INSERT INTO KEYWORDS (WORD) VALUES ('CAPITOL_SHIP');
INSERT INTO KEYWORDS (WORD) VALUES ('CONSCIOUSNESS');
INSERT INTO KEYWORDS (WORD) VALUES ('CREATURE');
INSERT INTO KEYWORDS (WORD) VALUES ('DOCTOR');
INSERT INTO KEYWORDS (WORD) VALUES ('FORCE_SENSITIVE');
INSERT INTO KEYWORDS (WORD) VALUES ('FRIGHT_SHIP');
INSERT INTO KEYWORDS (WORD) VALUES ('GAMBLER');
INSERT INTO KEYWORDS (WORD) VALUES ('GUN_BATTERY');
INSERT INTO KEYWORDS (WORD) VALUES ('GUNNER');
INSERT INTO KEYWORDS (WORD) VALUES ('HENCHMAN');
INSERT INTO KEYWORDS (WORD) VALUES ('HUMANOID');
INSERT INTO KEYWORDS (WORD) VALUES ('INTERCEPTOR');
INSERT INTO KEYWORDS (WORD) VALUES ('JEDI');
INSERT INTO KEYWORDS (WORD) VALUES ('MECHANICAN');
INSERT INTO KEYWORDS (WORD) VALUES ('MERCENARY');
INSERT INTO KEYWORDS (WORD) VALUES ('PILOT');
INSERT INTO KEYWORDS (WORD) VALUES ('POLITICIAN');
INSERT INTO KEYWORDS (WORD) VALUES ('REPTILE');
INSERT INTO KEYWORDS (WORD) VALUES ('ROBOT');
INSERT INTO KEYWORDS (WORD) VALUES ('SCIENTIST');
INSERT INTO KEYWORDS (WORD) VALUES ('SHIELDS');
INSERT INTO KEYWORDS (WORD) VALUES ('SITH');
INSERT INTO KEYWORDS (WORD) VALUES ('SMUGGLER');
INSERT INTO KEYWORDS (WORD) VALUES ('SOLDIER');
INSERT INTO KEYWORDS (WORD) VALUES ('VILLAIN');
INSERT INTO KEYWORDS (WORD) VALUES ('WARP_MACHINE');
INSERT INTO KEYWORDS (WORD) VALUES ('CARGO_BAY');
INSERT INTO KEYWORDS (WORD) VALUES ('TURRETS');

INSERT INTO ENTITY_HAS_KEYWORDS_JT (ENTITY_ID, WORD) VALUES (1, 'CREATURE');
INSERT INTO ENTITY_HAS_KEYWORDS_JT (ENTITY_ID, WORD) VALUES (1, 'HENCHMAN');
INSERT INTO ENTITY_HAS_KEYWORDS_JT (ENTITY_ID, WORD) VALUES (1, 'HUMANOID');
INSERT INTO ENTITY_HAS_KEYWORDS_JT (ENTITY_ID, WORD) VALUES (1, 'MERCENARY');
INSERT INTO ENTITY_HAS_KEYWORDS_JT (ENTITY_ID, WORD) VALUES (1, 'REPTILE');
INSERT INTO ENTITY_HAS_KEYWORDS_JT (ENTITY_ID, WORD) VALUES (1, 'VILLAIN');
INSERT INTO ENTITY_HAS_KEYWORDS_JT (ENTITY_ID, WORD) VALUES (2, 'HUMANOID');
INSERT INTO ENTITY_HAS_KEYWORDS_JT (ENTITY_ID, WORD) VALUES (2, 'PILOT');
INSERT INTO ENTITY_HAS_KEYWORDS_JT (ENTITY_ID, WORD) VALUES (2, 'SOLDIER');
INSERT INTO ENTITY_HAS_KEYWORDS_JT (ENTITY_ID, WORD) VALUES (3, 'ARMORED');
INSERT INTO ENTITY_HAS_KEYWORDS_JT (ENTITY_ID, WORD) VALUES (3, 'ARTIFICIAL_INTELLIGENCE');
INSERT INTO ENTITY_HAS_KEYWORDS_JT (ENTITY_ID, WORD) VALUES (3, 'CONSCIOUSNESS');
INSERT INTO ENTITY_HAS_KEYWORDS_JT (ENTITY_ID, WORD) VALUES (3, 'MERCENARY');
INSERT INTO ENTITY_HAS_KEYWORDS_JT (ENTITY_ID, WORD) VALUES (3, 'ROBOT');
INSERT INTO ENTITY_HAS_KEYWORDS_JT (ENTITY_ID, WORD) VALUES (4, 'CONSCIOUSNESS');
INSERT INTO ENTITY_HAS_KEYWORDS_JT (ENTITY_ID, WORD) VALUES (4, 'HUMANOID');
INSERT INTO ENTITY_HAS_KEYWORDS_JT (ENTITY_ID, WORD) VALUES (4, 'MERCENARY');
INSERT INTO ENTITY_HAS_KEYWORDS_JT (ENTITY_ID, WORD) VALUES (4, 'PILOT');
INSERT INTO ENTITY_HAS_KEYWORDS_JT (ENTITY_ID, WORD) VALUES (4, 'VILLAIN');
INSERT INTO ENTITY_HAS_KEYWORDS_JT (ENTITY_ID, WORD) VALUES (5, 'CONSCIOUSNESS');
INSERT INTO ENTITY_HAS_KEYWORDS_JT (ENTITY_ID, WORD) VALUES (5, 'GAMBLER');
INSERT INTO ENTITY_HAS_KEYWORDS_JT (ENTITY_ID, WORD) VALUES (5, 'PILOT');
INSERT INTO ENTITY_HAS_KEYWORDS_JT (ENTITY_ID, WORD) VALUES (5, 'POLITICIAN');
INSERT INTO ENTITY_HAS_KEYWORDS_JT (ENTITY_ID, WORD) VALUES (5, 'SMUGGLER');
INSERT INTO ENTITY_HAS_KEYWORDS_JT (ENTITY_ID, WORD) VALUES (6, 'CONSCIOUSNESS');
INSERT INTO ENTITY_HAS_KEYWORDS_JT (ENTITY_ID, WORD) VALUES (6, 'GAMBLER');
INSERT INTO ENTITY_HAS_KEYWORDS_JT (ENTITY_ID, WORD) VALUES (6, 'HENCHMAN');
INSERT INTO ENTITY_HAS_KEYWORDS_JT (ENTITY_ID, WORD) VALUES (6, 'HUMANOID');
INSERT INTO ENTITY_HAS_KEYWORDS_JT (ENTITY_ID, WORD) VALUES (6, 'MECHANICAN');
INSERT INTO ENTITY_HAS_KEYWORDS_JT (ENTITY_ID, WORD) VALUES (6, 'PILOT');
INSERT INTO ENTITY_HAS_KEYWORDS_JT (ENTITY_ID, WORD) VALUES (6, 'SMUGGLER');
INSERT INTO ENTITY_HAS_KEYWORDS_JT (ENTITY_ID, WORD) VALUES (6, 'SOLDIER');
INSERT INTO ENTITY_HAS_KEYWORDS_JT (ENTITY_ID, WORD) VALUES (6, 'VILLAIN');
INSERT INTO ENTITY_HAS_KEYWORDS_JT (ENTITY_ID, WORD) VALUES (7, 'DOCTOR');
INSERT INTO ENTITY_HAS_KEYWORDS_JT (ENTITY_ID, WORD) VALUES (7, 'HUMANOID');
INSERT INTO ENTITY_HAS_KEYWORDS_JT (ENTITY_ID, WORD) VALUES (8, 'CONSCIOUSNESS');
INSERT INTO ENTITY_HAS_KEYWORDS_JT (ENTITY_ID, WORD) VALUES (8, 'MERCENARY');
INSERT INTO ENTITY_HAS_KEYWORDS_JT (ENTITY_ID, WORD) VALUES (8, 'PILOT');
INSERT INTO ENTITY_HAS_KEYWORDS_JT (ENTITY_ID, WORD) VALUES (8, 'SOLDIER');
INSERT INTO ENTITY_HAS_KEYWORDS_JT (ENTITY_ID, WORD) VALUES (9, 'HUMANOID');
INSERT INTO ENTITY_HAS_KEYWORDS_JT (ENTITY_ID, WORD) VALUES (9, 'MECHANICAN');
INSERT INTO ENTITY_HAS_KEYWORDS_JT (ENTITY_ID, WORD) VALUES (10, 'HUMANOID');
INSERT INTO ENTITY_HAS_KEYWORDS_JT (ENTITY_ID, WORD) VALUES (10, 'PILOT');
INSERT INTO ENTITY_HAS_KEYWORDS_JT (ENTITY_ID, WORD) VALUES (11, 'FORCE_SENSITIVE');
INSERT INTO ENTITY_HAS_KEYWORDS_JT (ENTITY_ID, WORD) VALUES (11, 'HENCHMAN');
INSERT INTO ENTITY_HAS_KEYWORDS_JT (ENTITY_ID, WORD) VALUES (11, 'HUMANOID');
INSERT INTO ENTITY_HAS_KEYWORDS_JT (ENTITY_ID, WORD) VALUES (11, 'MECHANICAN');
INSERT INTO ENTITY_HAS_KEYWORDS_JT (ENTITY_ID, WORD) VALUES (11, 'PILOT');
INSERT INTO ENTITY_HAS_KEYWORDS_JT (ENTITY_ID, WORD) VALUES (11, 'SCIENTIST');
INSERT INTO ENTITY_HAS_KEYWORDS_JT (ENTITY_ID, WORD) VALUES (11, 'SOLDIER');
INSERT INTO ENTITY_HAS_KEYWORDS_JT (ENTITY_ID, WORD) VALUES (12, 'CONSCIOUSNESS');
INSERT INTO ENTITY_HAS_KEYWORDS_JT (ENTITY_ID, WORD) VALUES (12, 'CREATURE');
INSERT INTO ENTITY_HAS_KEYWORDS_JT (ENTITY_ID, WORD) VALUES (12, 'GUNNER');
INSERT INTO ENTITY_HAS_KEYWORDS_JT (ENTITY_ID, WORD) VALUES (12, 'HUMANOID');
INSERT INTO ENTITY_HAS_KEYWORDS_JT (ENTITY_ID, WORD) VALUES (12, 'MECHANICAN');
INSERT INTO ENTITY_HAS_KEYWORDS_JT (ENTITY_ID, WORD) VALUES (12, 'PILOT');
INSERT INTO ENTITY_HAS_KEYWORDS_JT (ENTITY_ID, WORD) VALUES (12, 'SMUGGLER');
INSERT INTO ENTITY_HAS_KEYWORDS_JT (ENTITY_ID, WORD) VALUES (12, 'SOLDIER');
INSERT INTO ENTITY_HAS_KEYWORDS_JT (ENTITY_ID, WORD) VALUES (14, 'CREATURE');
INSERT INTO ENTITY_HAS_KEYWORDS_JT (ENTITY_ID, WORD) VALUES (14, 'GUNNER');
INSERT INTO ENTITY_HAS_KEYWORDS_JT (ENTITY_ID, WORD) VALUES (14, 'HENCHMAN');
INSERT INTO ENTITY_HAS_KEYWORDS_JT (ENTITY_ID, WORD) VALUES (14, 'HUMANOID');
INSERT INTO ENTITY_HAS_KEYWORDS_JT (ENTITY_ID, WORD) VALUES (14, 'MERCENARY');
INSERT INTO ENTITY_HAS_KEYWORDS_JT (ENTITY_ID, WORD) VALUES (14, 'SOLDIER');
INSERT INTO ENTITY_HAS_KEYWORDS_JT (ENTITY_ID, WORD) VALUES (15, 'AIRCRAFT');
INSERT INTO ENTITY_HAS_KEYWORDS_JT (ENTITY_ID, WORD) VALUES (15, 'ARMORED');
INSERT INTO ENTITY_HAS_KEYWORDS_JT (ENTITY_ID, WORD) VALUES (15, 'CARGO_BAY');
INSERT INTO ENTITY_HAS_KEYWORDS_JT (ENTITY_ID, WORD) VALUES (15, 'FRIGHT_SHIP');
INSERT INTO ENTITY_HAS_KEYWORDS_JT (ENTITY_ID, WORD) VALUES (15, 'TURRETS');
INSERT INTO ENTITY_HAS_KEYWORDS_JT (ENTITY_ID, WORD) VALUES (16, 'AIRCRAFT');
INSERT INTO ENTITY_HAS_KEYWORDS_JT (ENTITY_ID, WORD) VALUES (16, 'ARMORED');
INSERT INTO ENTITY_HAS_KEYWORDS_JT (ENTITY_ID, WORD) VALUES (16, 'BOMBER');
INSERT INTO ENTITY_HAS_KEYWORDS_JT (ENTITY_ID, WORD) VALUES (16, 'GUN_BATTERY');
INSERT INTO ENTITY_HAS_KEYWORDS_JT (ENTITY_ID, WORD) VALUES (16, 'INTERCEPTOR');
INSERT INTO ENTITY_HAS_KEYWORDS_JT (ENTITY_ID, WORD) VALUES (16, 'SHIELDS');
INSERT INTO ENTITY_HAS_KEYWORDS_JT (ENTITY_ID, WORD) VALUES (16, 'TURRETS');
INSERT INTO ENTITY_HAS_KEYWORDS_JT (ENTITY_ID, WORD) VALUES (17, 'AIRCRAFT');
INSERT INTO ENTITY_HAS_KEYWORDS_JT (ENTITY_ID, WORD) VALUES (17, 'ARMORED');
INSERT INTO ENTITY_HAS_KEYWORDS_JT (ENTITY_ID, WORD) VALUES (17, 'BOMBER');
INSERT INTO ENTITY_HAS_KEYWORDS_JT (ENTITY_ID, WORD) VALUES (17, 'CARGO_BAY');
INSERT INTO ENTITY_HAS_KEYWORDS_JT (ENTITY_ID, WORD) VALUES (17, 'FRIGHT_SHIP');
INSERT INTO ENTITY_HAS_KEYWORDS_JT (ENTITY_ID, WORD) VALUES (17, 'GUN_BATTERY');
INSERT INTO ENTITY_HAS_KEYWORDS_JT (ENTITY_ID, WORD) VALUES (17, 'INTERCEPTOR');
INSERT INTO ENTITY_HAS_KEYWORDS_JT (ENTITY_ID, WORD) VALUES (17, 'SHIELDS');
INSERT INTO ENTITY_HAS_KEYWORDS_JT (ENTITY_ID, WORD) VALUES (18, 'AIRCRAFT');
INSERT INTO ENTITY_HAS_KEYWORDS_JT (ENTITY_ID, WORD) VALUES (18, 'ARMORED');
INSERT INTO ENTITY_HAS_KEYWORDS_JT (ENTITY_ID, WORD) VALUES (18, 'TURRETS');
INSERT INTO ENTITY_HAS_KEYWORDS_JT (ENTITY_ID, WORD) VALUES (19, 'CONSCIOUSNESS');
INSERT INTO ENTITY_HAS_KEYWORDS_JT (ENTITY_ID, WORD) VALUES (19, 'FORCE_SENSITIVE');
INSERT INTO ENTITY_HAS_KEYWORDS_JT (ENTITY_ID, WORD) VALUES (19, 'HUMANOID');
INSERT INTO ENTITY_HAS_KEYWORDS_JT (ENTITY_ID, WORD) VALUES (19, 'JEDI');
INSERT INTO ENTITY_HAS_KEYWORDS_JT (ENTITY_ID, WORD) VALUES (19, 'PILOT');
INSERT INTO ENTITY_HAS_KEYWORDS_JT (ENTITY_ID, WORD) VALUES (19, 'POLITICIAN');
INSERT INTO ENTITY_HAS_KEYWORDS_JT (ENTITY_ID, WORD) VALUES (20, 'CONSCIOUSNESS');
INSERT INTO ENTITY_HAS_KEYWORDS_JT (ENTITY_ID, WORD) VALUES (20, 'FORCE_SENSITIVE');
INSERT INTO ENTITY_HAS_KEYWORDS_JT (ENTITY_ID, WORD) VALUES (20, 'HUMANOID');
INSERT INTO ENTITY_HAS_KEYWORDS_JT (ENTITY_ID, WORD) VALUES (20, 'PILOT');
INSERT INTO ENTITY_HAS_KEYWORDS_JT (ENTITY_ID, WORD) VALUES (20, 'SITH');
INSERT INTO ENTITY_HAS_KEYWORDS_JT (ENTITY_ID, WORD) VALUES (20, 'VILLAIN');
INSERT INTO ENTITY_HAS_KEYWORDS_JT (ENTITY_ID, WORD) VALUES (21, 'CONSCIOUSNESS');
INSERT INTO ENTITY_HAS_KEYWORDS_JT (ENTITY_ID, WORD) VALUES (21, 'FORCE_SENSITIVE');
INSERT INTO ENTITY_HAS_KEYWORDS_JT (ENTITY_ID, WORD) VALUES (21, 'JEDI');
INSERT INTO ENTITY_HAS_KEYWORDS_JT (ENTITY_ID, WORD) VALUES (21, 'PILOT');
INSERT INTO ENTITY_HAS_KEYWORDS_JT (ENTITY_ID, WORD) VALUES (21, 'POLITICIAN');

INSERT INTO E_ROLES (NAME) VALUES ('CREW_MEMBER');
INSERT INTO E_ROLES (NAME) VALUES ('GUNNER');
INSERT INTO E_ROLES (NAME) VALUES ('MECHANICAN');
INSERT INTO E_ROLES (NAME) VALUES ('MEDICUS');
INSERT INTO E_ROLES (NAME) VALUES ('NAVIGATOR');
INSERT INTO E_ROLES (NAME) VALUES ('PILOT');
INSERT INTO E_ROLES (NAME) VALUES ('SCIENTIST');
INSERT INTO E_ROLES (NAME) VALUES ('SECURITY');
INSERT INTO E_ROLES (NAME) VALUES ('CAPTAIN');

INSERT INTO CREWS (DESCRIPTION, LABEL, CREATED_AT, TERMINATED_AT, CREW_ID) VALUES ('Han Solos famous Crew was part of many important ...', 'Han Crew', '2023-01-01', null, 1);
INSERT INTO CREWS (DESCRIPTION, LABEL, CREATED_AT, TERMINATED_AT, CREW_ID) VALUES ('The Bad Badge is a famous', 'Bad Badge', '2023-03-03', null, 2);
INSERT INTO CREWS (DESCRIPTION, LABEL, CREATED_AT, TERMINATED_AT, CREW_ID) VALUES ('Boba Fett is famous villain', 'Bobas Crew', '2020-04-01', null, 3);
INSERT INTO CREWS (DESCRIPTION, LABEL, CREATED_AT, TERMINATED_AT, CREW_ID) VALUES ('Han Solo is a single Smuggler .. ', 'Han Solo', '2020-01-07', null, 4);
INSERT INTO CREWS (DESCRIPTION, LABEL, CREATED_AT, TERMINATED_AT, CREW_ID) VALUES ('The famous Crew from the new Hope', 'A new Hope', '2023-04-07', null, 5);

INSERT INTO CREW_MEMBERS_JT (ROLE, JOINED_AT, LEFT_AT, CREW_ID, CHARACTER_ID) VALUES ('CAPTAIN', '2023-01-01', null, 1, 6);
INSERT INTO CREW_MEMBERS_JT (ROLE, JOINED_AT, LEFT_AT, CREW_ID, CHARACTER_ID) VALUES ('MECHANICAN', '2023-01-01', null, 1, 12);
INSERT INTO CREW_MEMBERS_JT (ROLE, JOINED_AT, LEFT_AT, CREW_ID, CHARACTER_ID) VALUES ('NAVIGATOR', '2023-01-01', null, 1, 12);
INSERT INTO CREW_MEMBERS_JT (ROLE, JOINED_AT, LEFT_AT, CREW_ID, CHARACTER_ID) VALUES ('MECHANICAN', '2023-01-01', null, 1, 6);
INSERT INTO CREW_MEMBERS_JT (ROLE, JOINED_AT, LEFT_AT, CREW_ID, CHARACTER_ID) VALUES ('PILOT', '2023-01-01', null, 1, 12);
INSERT INTO CREW_MEMBERS_JT (ROLE, JOINED_AT, LEFT_AT, CREW_ID, CHARACTER_ID) VALUES ('PILOT', '2023-01-01', null, 1, 6);
INSERT INTO CREW_MEMBERS_JT (ROLE, JOINED_AT, LEFT_AT, CREW_ID, CHARACTER_ID) VALUES ('NAVIGATOR', '2023-01-01', null, 1, 6);
INSERT INTO CREW_MEMBERS_JT (ROLE, JOINED_AT, LEFT_AT, CREW_ID, CHARACTER_ID) VALUES ('NAVIGATOR', '2023-04-01', null, 2, 8);
INSERT INTO CREW_MEMBERS_JT (ROLE, JOINED_AT, LEFT_AT, CREW_ID, CHARACTER_ID) VALUES ('MEDICUS', '2023-04-01', null, 2, 11);
INSERT INTO CREW_MEMBERS_JT (ROLE, JOINED_AT, LEFT_AT, CREW_ID, CHARACTER_ID) VALUES ('NAVIGATOR', '2023-04-01', null, 2, 11);
INSERT INTO CREW_MEMBERS_JT (ROLE, JOINED_AT, LEFT_AT, CREW_ID, CHARACTER_ID) VALUES ('GUNNER', '2023-04-01', null, 2, 11);
INSERT INTO CREW_MEMBERS_JT (ROLE, JOINED_AT, LEFT_AT, CREW_ID, CHARACTER_ID) VALUES ('GUNNER', '2023-04-01', null, 2, 8);
INSERT INTO CREW_MEMBERS_JT (ROLE, JOINED_AT, LEFT_AT, CREW_ID, CHARACTER_ID) VALUES ('CREW_MEMBER', '2023-04-01', null, 2, 8);
INSERT INTO CREW_MEMBERS_JT (ROLE, JOINED_AT, LEFT_AT, CREW_ID, CHARACTER_ID) VALUES ('PILOT', '2023-04-01', null, 2, 11);
INSERT INTO CREW_MEMBERS_JT (ROLE, JOINED_AT, LEFT_AT, CREW_ID, CHARACTER_ID) VALUES ('CAPTAIN', '2023-04-01', null, 2, 11);
INSERT INTO CREW_MEMBERS_JT (ROLE, JOINED_AT, LEFT_AT, CREW_ID, CHARACTER_ID) VALUES ('GUNNER', '2023-04-01', null, 3, 3);
INSERT INTO CREW_MEMBERS_JT (ROLE, JOINED_AT, LEFT_AT, CREW_ID, CHARACTER_ID) VALUES ('NAVIGATOR', '2023-04-01', null, 3, 3);
INSERT INTO CREW_MEMBERS_JT (ROLE, JOINED_AT, LEFT_AT, CREW_ID, CHARACTER_ID) VALUES ('NAVIGATOR', '2023-04-01', null, 3, 4);
INSERT INTO CREW_MEMBERS_JT (ROLE, JOINED_AT, LEFT_AT, CREW_ID, CHARACTER_ID) VALUES ('CAPTAIN', '2023-04-01', null, 3, 4);
INSERT INTO CREW_MEMBERS_JT (ROLE, JOINED_AT, LEFT_AT, CREW_ID, CHARACTER_ID) VALUES ('PILOT', '2023-04-01', null, 3, 4);
INSERT INTO CREW_MEMBERS_JT (ROLE, JOINED_AT, LEFT_AT, CREW_ID, CHARACTER_ID) VALUES ('PILOT', '2020-01-01', null, 4, 6);
INSERT INTO CREW_MEMBERS_JT (ROLE, JOINED_AT, LEFT_AT, CREW_ID, CHARACTER_ID) VALUES ('NAVIGATOR', '2020-01-01', null, 4, 6);
INSERT INTO CREW_MEMBERS_JT (ROLE, JOINED_AT, LEFT_AT, CREW_ID, CHARACTER_ID) VALUES ('CAPTAIN', '2020-01-01', null, 4, 6);
INSERT INTO CREW_MEMBERS_JT (ROLE, JOINED_AT, LEFT_AT, CREW_ID, CHARACTER_ID) VALUES ('NAVIGATOR', '2021-01-01', null, 5, 12);
INSERT INTO CREW_MEMBERS_JT (ROLE, JOINED_AT, LEFT_AT, CREW_ID, CHARACTER_ID) VALUES ('NAVIGATOR', '2021-01-01', null, 5, 6);
INSERT INTO CREW_MEMBERS_JT (ROLE, JOINED_AT, LEFT_AT, CREW_ID, CHARACTER_ID) VALUES ('MECHANICAN', '2021-01-01', null, 5, 12);
INSERT INTO CREW_MEMBERS_JT (ROLE, JOINED_AT, LEFT_AT, CREW_ID, CHARACTER_ID) VALUES ('PILOT', '2021-01-01', null, 5, 6);
INSERT INTO CREW_MEMBERS_JT (ROLE, JOINED_AT, LEFT_AT, CREW_ID, CHARACTER_ID) VALUES ('PILOT', '2021-01-01', null, 5, 12);
INSERT INTO CREW_MEMBERS_JT (ROLE, JOINED_AT, LEFT_AT, CREW_ID, CHARACTER_ID) VALUES ('CREW_MEMBER', '2021-01-01', null, 5, 21);
INSERT INTO CREW_MEMBERS_JT (ROLE, JOINED_AT, LEFT_AT, CREW_ID, CHARACTER_ID) VALUES ('CREW_MEMBER', '2021-01-01', null, 5, 19);
INSERT INTO CREW_MEMBERS_JT (ROLE, JOINED_AT, LEFT_AT, CREW_ID, CHARACTER_ID) VALUES ('CREW_MEMBER', '2021-01-01', null, 5, 3);
INSERT INTO CREW_MEMBERS_JT (ROLE, JOINED_AT, LEFT_AT, CREW_ID, CHARACTER_ID) VALUES ('CAPTAIN', '2021-01-01', null, 5, 6);

INSERT INTO FACTIONS (FACTION_ID, NAME, DESCRIPTION) VALUES (1, 'Hutts', 'Hutts were a massive slug-like species who had large mouths and stubby arms. They had three lungs. They were tough and muscular with thick leathery skin, which was wrinkled and slimy. Hutts often had watery eyes and slack facial expressions. Their tails were supported by a skeletal spine and allowed Hutts to propel themselves through muck which legs would sink into. Despite their legendary adult size, Hutts started out as tiny Huttlets less than half a meter in height. Hutts possessed skeletons. Hutts were not known for being healthy. Some Hutts suffered from a genetic defect that caused their skin to be bereft of pigment and prone to cracking. Whilst the Hutts were originally native to Varl, Nal Hutta—a planet with a hot atmosphere that was frequently streaked by greasy rains, creating a fetid sauna in which Hutts were most comfortable—later became the planet that was considered their homeworld.');
INSERT INTO FACTIONS (FACTION_ID, NAME, DESCRIPTION) VALUES (2, 'Syndicate', 'The Syndicate was a criminal organization that was ran on Cularin by Alina Impeveri, during the waning years of the Galactic Republic. It was based in the Ishkik caverns. ');
INSERT INTO FACTIONS (FACTION_ID, NAME, DESCRIPTION) VALUES (3, 'Galactic Empire', 'The Galactic Empire, also known as the First Galactic Empire, the Empire and later as the Old Empire, was the monarchy that replaced the Galactic Republic at the end of the Clone Wars. Though the Empire rose to power by promising to bring order to the galaxy, it oversaw a period of harsh military rule and aggressive expansion. The subsequent Imperial Era would last only two decades, for it was eventually overthrown by the Alliance to Restore the Republic in the Galactic Civil War, but not before the sovereign star systems of the galaxy had been largely conquered and oppressed by the Empire forces. The First Galactic Empire traced its origins to a Sith conspiracy to destroy the Jedi Order and regain control over the galaxy. The Empire was secretly controlled by the Sith, for the Galactic Emperor was, in fact, the Sith Lord Darth Sidious, whose reign was enforced by his apprentice, Darth Vader, who acted as Commander-in-Chief. Rising to power on a groundswell of populist support, and capitalizing on anti-Jedi and anti-droid sentiment and human-ethnocentrism manufactured by the destructive Clone Wars, Darth Sidious appointed himself Emperor at the end of the conflict by promising security and stability to the war-torn Republic. Gaining the overwhelming approval of the Galactic Senate, Darth Sidious staged a coup by the Jedi, and oversaw their subsequent purge from the galaxy, assisted by his right-hand, Darth Vader. The Empire stood virtually unchallenged during its rise to power, with the backing of the Imperial Senate and the spreading of its massive technological military force across the galaxy and began an major expansion and encroaching into the unexplored regions. At first, the Galactic Empire was a constitutional monarchy in basic theory, however it gradually evolved into a stratocracy as the power of the Imperial Senate waned. However, numerous insurgent cells sprang up against the Empire and gradually united to initiate a growing rebellion, winning its first major victory over Mustafar in 4 BBY. These rebel groups eventually formed the Rebel Alliance in 2 BBY, and achieved its first major victory with the theft of the Death Star plans on Scarif, which, in turn, led to the destruction of the Death Star at the Battle of Yavin in 0 BBY. The following years saw initial Alliance successes until a major Imperial victory on Hoth in 3 ABY, but the Empire suffered a devastating defeat one year later at the Battle of Endor. During the battle, Darth Sidious was slain at the hands of his former disciple, the redeemed Anakin Skywalker, who himself died shortly thereafter, marking both the end of Sith rule and the downfall of the Empire.');
INSERT INTO FACTIONS (FACTION_ID, NAME, DESCRIPTION) VALUES (4, 'Resistance', 'The Resistance was a private paramilitary force that opposed the First Order, a military dictatorship that sought to restore the Galactic Empire, that emerged as an unauthorized military movement from the New Republic Defense Force during the Cold War that believed that the First Order posed a serious threat to democracy in the galaxy, unlike the New Republic Senate and High Command. Nevertheless, the New Republic quietly tolerated its activities, while technically being illegal. The Resistance fought against the First Order in a new galactic war, during which time the First Order beheaded the New Republic in a surprise attack in 34 ABY and occupied large swathes of the galaxy. Yet despite the Resistance initial stand alone, the Resistance inspired rebellion across the galaxy, and a Citizens Fleet eventually assembled to reinforce the Resistance and spark an uprising against the First Order. The Resistance was founded by General Leia Organa and was modelled to an extent on the Alliance to Restore the Republic. Members of the Resistance shared General Organa views regarding the threat posed by the First Order. While still a Republic senator, Princess Organa founded the Resistance after she was sidelined from the Senate following a scandal that revealed her father to be the reviled Darth Vader. General Organa recruited veterans of the Galactic Civil War, like Admiral Gial Ackbar and other New Republic military personnel like New Republic officer Poe Dameron, while many others joined the Resistance as officers, soldiers, pilots, and in other roles. The Resistance originally stood as a check against the First Order and opposed it in open warfare after it destroyed the Republic leadership and largest fleet and moved in to seize military control of the galaxy. With the help of the last Jedi, Luke Skywalker, and his apprentice, Rey, the Resistance escaped the First Order siege at Crait and lived to fight another day while inspiring rebellion against the First Order. When former Emperor Darth Sidious revealed himself to be alive to the galaxy with the Sith Eternal armada of planet-destroying warships, the Final Order, the Resistance invaded the Sith redoubt of Exegol to prevent the Sith fleet from reinforcing the First Order. Ultimately, with the support of a citizens fleet, the Resistance defeated the Sith Eternal forces while Rey sacrificed herself to destroy the Sith Lord, though she was resurrected by Ben Solo, who gave his life force to save Rey. The victory of the Resistance over the Sith Eternal inspired the people to rise up against the First Order, whose military rule over the galaxy crumbled under a series of attacks.');

INSERT INTO PLANET_HAS_FACTIONS_JT (PLANET_ID, FACTION_ID) VALUES (5, 1);
INSERT INTO PLANET_HAS_FACTIONS_JT (PLANET_ID, FACTION_ID) VALUES (7, 1);
INSERT INTO PLANET_HAS_FACTIONS_JT (PLANET_ID, FACTION_ID) VALUES (14, 2);
INSERT INTO PLANET_HAS_FACTIONS_JT (PLANET_ID, FACTION_ID) VALUES (22, 2);
INSERT INTO PLANET_HAS_FACTIONS_JT (PLANET_ID, FACTION_ID) VALUES (12, 3);
INSERT INTO PLANET_HAS_FACTIONS_JT (PLANET_ID, FACTION_ID) VALUES (17, 3);
INSERT INTO PLANET_HAS_FACTIONS_JT (PLANET_ID, FACTION_ID) VALUES (22, 3);
INSERT INTO PLANET_HAS_FACTIONS_JT (PLANET_ID, FACTION_ID) VALUES (14, 4);
INSERT INTO PLANET_HAS_FACTIONS_JT (PLANET_ID, FACTION_ID) VALUES (18, 4);

INSERT INTO REPUTATION_CHANGE_ENTITIES_BT (ENTITY_ID, CREW_ID, DESCRIPTION) VALUES (1, 3, 'Tatooine -> Nal Hutta ...');
INSERT INTO REPUTATION_CHANGE_ENTITIES_BT (ENTITY_ID, CREW_ID, DESCRIPTION) VALUES (3, 3, 'Mon Calamari -> Mon Calamari ...');
INSERT INTO REPUTATION_CHANGE_ENTITIES_BT (ENTITY_ID, CREW_ID, DESCRIPTION) VALUES (4, 1, 'Mon Calamari -> Ord Mantell ...');
INSERT INTO REPUTATION_CHANGE_ENTITIES_BT (ENTITY_ID, CREW_ID, DESCRIPTION) VALUES (5, 3, 'Kessel -> Nal Hutta ...');
INSERT INTO REPUTATION_CHANGE_ENTITIES_BT (ENTITY_ID, CREW_ID, DESCRIPTION) VALUES (6, 3, 'Lothal -> Tatooine ...');
INSERT INTO REPUTATION_CHANGE_ENTITIES_BT (ENTITY_ID, CREW_ID, DESCRIPTION) VALUES (7, 1, 'Ryloth -> Nal Hutta ...');
INSERT INTO REPUTATION_CHANGE_ENTITIES_BT (ENTITY_ID, CREW_ID, DESCRIPTION) VALUES (8, 3, 'Cantonica -> Nal Hutta ...');
INSERT INTO REPUTATION_CHANGE_ENTITIES_BT (ENTITY_ID, CREW_ID, DESCRIPTION) VALUES (9, 3, 'Kessel -> Min Calamari ');
INSERT INTO REPUTATION_CHANGE_ENTITIES_BT (ENTITY_ID, CREW_ID, DESCRIPTION) VALUES (10, 1, 'Naboo -> Tatooine');
INSERT INTO REPUTATION_CHANGE_ENTITIES_BT (ENTITY_ID, CREW_ID, DESCRIPTION) VALUES (11, 1, 'Naboo -> Mon Calamari');
INSERT INTO REPUTATION_CHANGE_ENTITIES_BT (ENTITY_ID, CREW_ID, DESCRIPTION) VALUES (12, 2, 'Naboo -> Cantoinca');
INSERT INTO REPUTATION_CHANGE_ENTITIES_BT (ENTITY_ID, CREW_ID, DESCRIPTION) VALUES (13, 2, 'Mon Calamari -> Mon Calamari');
INSERT INTO REPUTATION_CHANGE_ENTITIES_BT (ENTITY_ID, CREW_ID, DESCRIPTION) VALUES (14, 4, 'Naboo -> Cantoinca');
INSERT INTO REPUTATION_CHANGE_ENTITIES_BT (ENTITY_ID, CREW_ID, DESCRIPTION) VALUES (15, 3, 'Mon Calamari -> Mon Calamari');
INSERT INTO REPUTATION_CHANGE_ENTITIES_BT (ENTITY_ID, CREW_ID, DESCRIPTION) VALUES (16, 2, 'Lothal -> Cantoinca');
INSERT INTO REPUTATION_CHANGE_ENTITIES_BT (ENTITY_ID, CREW_ID, DESCRIPTION) VALUES (17, 4, 'Kessel -> Lothal');
INSERT INTO REPUTATION_CHANGE_ENTITIES_BT (ENTITY_ID, CREW_ID, DESCRIPTION) VALUES (18, 4, 'Cargo Hijacking...');

INSERT INTO REPUTATION_CHANGE_ENTITIES_BT (ENTITY_ID, CREW_ID, DESCRIPTION) VALUES (19, 3, '(5,4)');
INSERT INTO REPUTATION_CHANGE_ENTITIES_BT (ENTITY_ID, CREW_ID, DESCRIPTION) VALUES (20, 3, '(4,7)');

INSERT INTO REPUTATION_CHANGE_ENTITIES_BT (ENTITY_ID, CREW_ID, DESCRIPTION) VALUES (21, 3, '(18,18)');

INSERT INTO REPUTATION_CHANGE_ENTITIES_BT (ENTITY_ID, CREW_ID, DESCRIPTION) VALUES (22, 1, '(18,20)');
INSERT INTO REPUTATION_CHANGE_ENTITIES_BT (ENTITY_ID, CREW_ID, DESCRIPTION) VALUES (23, 1, '(20,22)');

INSERT INTO REPUTATION_CHANGE_ENTITIES_BT (ENTITY_ID, CREW_ID, DESCRIPTION) VALUES (24, 3, '(14,11)');
INSERT INTO REPUTATION_CHANGE_ENTITIES_BT (ENTITY_ID, CREW_ID, DESCRIPTION) VALUES (25, 3, '(11,8)');
INSERT INTO REPUTATION_CHANGE_ENTITIES_BT (ENTITY_ID, CREW_ID, DESCRIPTION) VALUES (26, 3, '(8,10)');
INSERT INTO REPUTATION_CHANGE_ENTITIES_BT (ENTITY_ID, CREW_ID, DESCRIPTION) VALUES (27, 3, '(10,6)');
INSERT INTO REPUTATION_CHANGE_ENTITIES_BT (ENTITY_ID, CREW_ID, DESCRIPTION) VALUES (28, 3, '(6,4)');
INSERT INTO REPUTATION_CHANGE_ENTITIES_BT (ENTITY_ID, CREW_ID, DESCRIPTION) VALUES (29, 3, '(4,7)');

INSERT INTO REPUTATION_CHANGE_ENTITIES_BT (ENTITY_ID, CREW_ID, DESCRIPTION) VALUES (30, 3, '(17,15)');
INSERT INTO REPUTATION_CHANGE_ENTITIES_BT (ENTITY_ID, CREW_ID, DESCRIPTION) VALUES (31, 3, '(15,14)');
INSERT INTO REPUTATION_CHANGE_ENTITIES_BT (ENTITY_ID, CREW_ID, DESCRIPTION) VALUES (32, 3, '(14,11)');
INSERT INTO REPUTATION_CHANGE_ENTITIES_BT (ENTITY_ID, CREW_ID, DESCRIPTION) VALUES (33, 3, '(11,8)');
INSERT INTO REPUTATION_CHANGE_ENTITIES_BT (ENTITY_ID, CREW_ID, DESCRIPTION) VALUES (34, 3, '(8,23)');
INSERT INTO REPUTATION_CHANGE_ENTITIES_BT (ENTITY_ID, CREW_ID, DESCRIPTION) VALUES (35, 3, '(23,9)');
INSERT INTO REPUTATION_CHANGE_ENTITIES_BT (ENTITY_ID, CREW_ID, DESCRIPTION) VALUES (36, 3, '(9,5)');

INSERT INTO REPUTATION_CHANGE_ENTITIES_BT (ENTITY_ID, CREW_ID, DESCRIPTION) VALUES (37, 1, '(23,9)');
INSERT INTO REPUTATION_CHANGE_ENTITIES_BT (ENTITY_ID, CREW_ID, DESCRIPTION) VALUES (38, 1, '(9,5)');
INSERT INTO REPUTATION_CHANGE_ENTITIES_BT (ENTITY_ID, CREW_ID, DESCRIPTION) VALUES (39, 1, '(5,4)');
INSERT INTO REPUTATION_CHANGE_ENTITIES_BT (ENTITY_ID, CREW_ID, DESCRIPTION) VALUES (40, 1, '(4,7)');

INSERT INTO REPUTATION_CHANGE_ENTITIES_BT (ENTITY_ID, CREW_ID, DESCRIPTION) VALUES (41, 1, '(21, 19)');
INSERT INTO REPUTATION_CHANGE_ENTITIES_BT (ENTITY_ID, CREW_ID, DESCRIPTION) VALUES (42, 3, '(19, 18)');
INSERT INTO REPUTATION_CHANGE_ENTITIES_BT (ENTITY_ID, CREW_ID, DESCRIPTION) VALUES (43, 3, '(18, 16)');
INSERT INTO REPUTATION_CHANGE_ENTITIES_BT (ENTITY_ID, CREW_ID, DESCRIPTION) VALUES (44, 3, '(16, 15)');
INSERT INTO REPUTATION_CHANGE_ENTITIES_BT (ENTITY_ID, CREW_ID, DESCRIPTION) VALUES (45, 3, '(15, 14)');
INSERT INTO REPUTATION_CHANGE_ENTITIES_BT (ENTITY_ID, CREW_ID, DESCRIPTION) VALUES (46, 3, '(14, 11)');
INSERT INTO REPUTATION_CHANGE_ENTITIES_BT (ENTITY_ID, CREW_ID, DESCRIPTION) VALUES (47, 3, '(11, 8)');
INSERT INTO REPUTATION_CHANGE_ENTITIES_BT (ENTITY_ID, CREW_ID, DESCRIPTION) VALUES (48, 3, '(8,10)');
INSERT INTO REPUTATION_CHANGE_ENTITIES_BT (ENTITY_ID, CREW_ID, DESCRIPTION) VALUES (49, 3, '(10,6)');
INSERT INTO REPUTATION_CHANGE_ENTITIES_BT (ENTITY_ID, CREW_ID, DESCRIPTION) VALUES (50, 3, '(6,4)');
INSERT INTO REPUTATION_CHANGE_ENTITIES_BT (ENTITY_ID, CREW_ID, DESCRIPTION) VALUES (51, 3, '(4,7)');

INSERT INTO REPUTATION_CHANGE_ENTITIES_BT (ENTITY_ID, CREW_ID, DESCRIPTION) VALUES (52, 3, '(14,15)');
INSERT INTO REPUTATION_CHANGE_ENTITIES_BT (ENTITY_ID, CREW_ID, DESCRIPTION) VALUES (53, 3, '(15,16)');
INSERT INTO REPUTATION_CHANGE_ENTITIES_BT (ENTITY_ID, CREW_ID, DESCRIPTION) VALUES (54, 3, '(16,18)');

INSERT INTO REPUTATION_CHANGE_ENTITIES_BT (ENTITY_ID, CREW_ID, DESCRIPTION) VALUES (55, 1, '(12,8)');
INSERT INTO REPUTATION_CHANGE_ENTITIES_BT (ENTITY_ID, CREW_ID, DESCRIPTION) VALUES (56, 1, '(8,23)');
INSERT INTO REPUTATION_CHANGE_ENTITIES_BT (ENTITY_ID, CREW_ID, DESCRIPTION) VALUES (57, 1, '(23,9)');
INSERT INTO REPUTATION_CHANGE_ENTITIES_BT (ENTITY_ID, CREW_ID, DESCRIPTION) VALUES (58, 1, '(9,5)');

INSERT INTO REPUTATION_CHANGE_ENTITIES_BT (ENTITY_ID, CREW_ID, DESCRIPTION) VALUES (59, 1, '(12,13)');
INSERT INTO REPUTATION_CHANGE_ENTITIES_BT (ENTITY_ID, CREW_ID, DESCRIPTION) VALUES (60, 1, '(13,15)');
INSERT INTO REPUTATION_CHANGE_ENTITIES_BT (ENTITY_ID, CREW_ID, DESCRIPTION) VALUES (61, 1, '(15,16)');
INSERT INTO REPUTATION_CHANGE_ENTITIES_BT (ENTITY_ID, CREW_ID, DESCRIPTION) VALUES (62, 1, '(16,18)');

INSERT INTO REPUTATION_CHANGE_ENTITIES_BT (ENTITY_ID, CREW_ID, DESCRIPTION) VALUES (63, 2, '(12,13)');
INSERT INTO REPUTATION_CHANGE_ENTITIES_BT (ENTITY_ID, CREW_ID, DESCRIPTION) VALUES (64, 2, '(13,15)');
INSERT INTO REPUTATION_CHANGE_ENTITIES_BT (ENTITY_ID, CREW_ID, DESCRIPTION) VALUES (65, 2, '(15,16)');
INSERT INTO REPUTATION_CHANGE_ENTITIES_BT (ENTITY_ID, CREW_ID, DESCRIPTION) VALUES (66, 2, '(16,18)');
INSERT INTO REPUTATION_CHANGE_ENTITIES_BT (ENTITY_ID, CREW_ID, DESCRIPTION) VALUES (67, 2, '(18,19)');
INSERT INTO REPUTATION_CHANGE_ENTITIES_BT (ENTITY_ID, CREW_ID, DESCRIPTION) VALUES (68, 2, '(19,21)');

INSERT INTO REPUTATION_CHANGE_ENTITIES_BT (ENTITY_ID, CREW_ID, DESCRIPTION) VALUES (69, 4, '(17,16)');
INSERT INTO REPUTATION_CHANGE_ENTITIES_BT (ENTITY_ID, CREW_ID, DESCRIPTION) VALUES (70, 4, '(16,18)');
INSERT INTO REPUTATION_CHANGE_ENTITIES_BT (ENTITY_ID, CREW_ID, DESCRIPTION) VALUES (71, 4, '(18,19)');
INSERT INTO REPUTATION_CHANGE_ENTITIES_BT (ENTITY_ID, CREW_ID, DESCRIPTION) VALUES (72, 4, '(19,21)');

INSERT INTO REPUTATION_CHANGE_ENTITIES_BT (ENTITY_ID, CREW_ID, DESCRIPTION) VALUES (73, 3, '(14,15)');
INSERT INTO REPUTATION_CHANGE_ENTITIES_BT (ENTITY_ID, CREW_ID, DESCRIPTION) VALUES (74, 3, '(15,17)');



INSERT INTO JOB_DESCRIPTIONS_ST (DESCRIPTION_ID, ORIGIN_PLANET_ID, DESTINATION_PLANET_ID,  JOB_TYPE, REWARD, DESCRIPTION) VALUES (1, 5, 7, 'BOUNTY_JOB', 10000, 'Bib Fortuna has fleed his Hutt Master. Retrieve him');
INSERT INTO JOB_DESCRIPTIONS_ST (DESCRIPTION_ID, ORIGIN_PLANET_ID, DESTINATION_PLANET_ID,  JOB_TYPE, REWARD, DESCRIPTION) VALUES (3, 18, 18, 'PROTECTION_JOB', 4000, 'A Warlord on Mon Calamari hires you for Personal Protection');
INSERT INTO JOB_DESCRIPTIONS_ST (DESCRIPTION_ID, ORIGIN_PLANET_ID, DESTINATION_PLANET_ID,  JOB_TYPE, REWARD, DESCRIPTION) VALUES (4, 18, 22, 'CONDUCT_JOB', 5000, 'A Capo of the Pyke Syndicate is in search of a crew to conduct him to Ord Mantell');
INSERT INTO JOB_DESCRIPTIONS_ST (DESCRIPTION_ID, ORIGIN_PLANET_ID, DESTINATION_PLANET_ID,  JOB_TYPE, REWARD, DESCRIPTION) VALUES (5, 14, 7, 'RETRIEVAL_JOB', 4000, 'Pirates have stolen from the Hutts. Retrieve the stolen items');
INSERT INTO JOB_DESCRIPTIONS_ST (DESCRIPTION_ID, ORIGIN_PLANET_ID, DESTINATION_PLANET_ID,  JOB_TYPE, REWARD, DESCRIPTION) VALUES (6, 17, 5, 'FRIGHT_JOB', 5000, 'You have been asked to carry vaporaotres from Lothal to Tatooine');
INSERT INTO JOB_DESCRIPTIONS_ST (DESCRIPTION_ID, ORIGIN_PLANET_ID, DESTINATION_PLANET_ID,  JOB_TYPE, REWARD, DESCRIPTION) VALUES (7, 23, 7, 'FRIGHT_JOB', 5000, 'You habe been asked to transport goods from Kafrene to Nal Hutta');
INSERT INTO JOB_DESCRIPTIONS_ST (DESCRIPTION_ID, ORIGIN_PLANET_ID, DESTINATION_PLANET_ID,  JOB_TYPE, REWARD, DESCRIPTION) VALUES (8, 21, 7, 'BOUNTY_JOB', 7000, 'Lobot has betrayed his Hutt Masters. Find and Retrieve him.');
INSERT INTO JOB_DESCRIPTIONS_ST (DESCRIPTION_ID, ORIGIN_PLANET_ID, DESTINATION_PLANET_ID,  JOB_TYPE, REWARD, DESCRIPTION) VALUES (9, 14, 18, 'BOUNTY_JOB', 10000, 'Ponda Baba has stolen from the Syndicate. Find and retrieve him');
INSERT INTO JOB_DESCRIPTIONS_ST (DESCRIPTION_ID, ORIGIN_PLANET_ID, DESTINATION_PLANET_ID,  JOB_TYPE, REWARD, DESCRIPTION) VALUES (10, 12, 5,  'HEIST_JOB', 50000, 'Plunder Jabbas treasure vault');
INSERT INTO JOB_DESCRIPTIONS_ST (DESCRIPTION_ID, ORIGIN_PLANET_ID, DESTINATION_PLANET_ID,  JOB_TYPE, REWARD, DESCRIPTION) VALUES (11, 12, 18,  'RESCUE_JOB', 10000, 'Pirates have slaved a colony of Wokkies. Rescue the Wokkies');
INSERT INTO JOB_DESCRIPTIONS_ST (DESCRIPTION_ID, ORIGIN_PLANET_ID, DESTINATION_PLANET_ID,  JOB_TYPE, REWARD, DESCRIPTION) VALUES (12,  12, 21, 'COUNTERINTELLIGENCE_JOB', 15000, 'Pirates have slaved a colony of Wokkies. Rescue the Wokkies');
INSERT INTO JOB_DESCRIPTIONS_ST (DESCRIPTION_ID, ORIGIN_PLANET_ID, DESTINATION_PLANET_ID,  JOB_TYPE, REWARD, DESCRIPTION) VALUES (13, 18, 18, 'RESCUE_JOB', 6000, 'Find the spies of the Republic Empire and eleminate them.');
INSERT INTO JOB_DESCRIPTIONS_ST (DESCRIPTION_ID, ORIGIN_PLANET_ID, DESTINATION_PLANET_ID,  JOB_TYPE, REWARD, DESCRIPTION) VALUES (14, 17, 21, 'RETRIEVAL_JOB', 5000, 'From an ancient Temple on Cantonica an relict has been stolen');
INSERT INTO JOB_DESCRIPTIONS_ST (DESCRIPTION_ID, ORIGIN_PLANET_ID, DESTINATION_PLANET_ID,  JOB_TYPE, REWARD, DESCRIPTION) VALUES (15, 14, 17, 'COUNTERINTELLIGENCE_JOB', 8000, 'Pretend to be a Rebell Sympanisant ...');
INSERT INTO JOB_DESCRIPTIONS_ST (DESCRIPTION_ID, ORIGIN_PLANET_ID, DESTINATION_PLANET_ID,  JOB_TYPE, REWARD, DESCRIPTION) VALUES (16, 14, 12, 'RESCUE_JOB', 7000, 'Rescue the prisoners on Naboo');
INSERT INTO JOB_DESCRIPTIONS_ST (DESCRIPTION_ID, ORIGIN_PLANET_ID, DESTINATION_PLANET_ID,  JOB_TYPE, REWARD, DESCRIPTION) VALUES (17, 14, 14, 'FRIGHT_JOB', 12000, 'Kesselrun');
INSERT INTO JOB_DESCRIPTIONS_ST (DESCRIPTION_ID, ORIGIN_PLANET_ID, DESTINATION_PLANET_ID,  JOB_TYPE, REWARD, DESCRIPTION) VALUES (18, 5, 7, 'HEIST_JOB', 17000, 'Cargo Hijacking');

INSERT INTO JOBS (JOB_ID, DESCRIPTION_ID, ACCEPTED_AT, JOB_STATUS) VALUES (1, 1, '2020-11-11', 'ACCOMPLISHED');
INSERT INTO JOBS (JOB_ID, DESCRIPTION_ID, ACCEPTED_AT, JOB_STATUS) VALUES (3, 3, '2022-10-28', 'FAILED');
INSERT INTO JOBS (JOB_ID, DESCRIPTION_ID, ACCEPTED_AT, JOB_STATUS) VALUES (4, 4, '2023-08-07', 'ACCOMPLISHED');
INSERT INTO JOBS (JOB_ID, DESCRIPTION_ID, ACCEPTED_AT, JOB_STATUS) VALUES (5, 5, '2022-04-02', 'ACCOMPLISHED');
INSERT INTO JOBS (JOB_ID, DESCRIPTION_ID, ACCEPTED_AT, JOB_STATUS) VALUES (6, 6, '2020-11-07', 'ACCOMPLISHED');
INSERT INTO JOBS (JOB_ID, DESCRIPTION_ID, ACCEPTED_AT, JOB_STATUS) VALUES (7, 7, '2021-04-07', 'ACCOMPLISHED');
INSERT INTO JOBS (JOB_ID, DESCRIPTION_ID, ACCEPTED_AT, JOB_STATUS) VALUES (8, 8, '2024-11-07', 'IN_PROGRESS');
INSERT INTO JOBS (JOB_ID, DESCRIPTION_ID, ACCEPTED_AT, JOB_STATUS) VALUES (9, 9, '2023-04-07', 'IN_PROGRESS');
INSERT INTO JOBS (JOB_ID, DESCRIPTION_ID, ACCEPTED_AT, JOB_STATUS) VALUES (10, 10, '2023-07-22', 'ACCOMPLISHED');
INSERT INTO JOBS (JOB_ID, DESCRIPTION_ID, ACCEPTED_AT, JOB_STATUS) VALUES (11, 11, '2023-06-16', 'ACCOMPLISHED');
INSERT INTO JOBS (JOB_ID, DESCRIPTION_ID, ACCEPTED_AT, JOB_STATUS) VALUES (12, 12, '2023-09-07', 'ACCOMPLISHED');
INSERT INTO JOBS (JOB_ID, DESCRIPTION_ID, ACCEPTED_AT, JOB_STATUS) VALUES (13, 13, '2024-04-06', 'IN_PROGRESS');
INSERT INTO JOBS (JOB_ID, DESCRIPTION_ID, ACCEPTED_AT, JOB_STATUS) VALUES (14, 14, '2021-09-09', 'ACCOMPLISHED');
INSERT INTO JOBS (JOB_ID, DESCRIPTION_ID, ACCEPTED_AT, JOB_STATUS) VALUES (15, 15, '2021-02-03', 'ACCOMPLISHED');
INSERT INTO JOBS (JOB_ID, DESCRIPTION_ID, ACCEPTED_AT, JOB_STATUS) VALUES (16, 16, '2023-06-07', 'ACCOMPLISHED');
INSERT INTO JOBS (JOB_ID, DESCRIPTION_ID, ACCEPTED_AT, JOB_STATUS) VALUES (17, 17, '2020-04-03', 'ACCOMPLISHED');
INSERT INTO JOBS (JOB_ID, DESCRIPTION_ID, ACCEPTED_AT, JOB_STATUS) VALUES (18, 18, '2020-04-16', 'ACCOMPLISHED');


INSERT INTO FACTION_REPUTATION_CHANGES_JT (FACTION_ID, CHANGE_AMOUNT, ENTITY_ID) VALUES (3, -50, 1);
INSERT INTO FACTION_REPUTATION_CHANGES_JT (FACTION_ID, CHANGE_AMOUNT, ENTITY_ID) VALUES (1, 150, 1);
INSERT INTO FACTION_REPUTATION_CHANGES_JT (FACTION_ID, CHANGE_AMOUNT, ENTITY_ID) VALUES (2, -50, 1);
INSERT INTO FACTION_REPUTATION_CHANGES_JT (FACTION_ID, CHANGE_AMOUNT, ENTITY_ID) VALUES (4, -25, 1);
INSERT INTO FACTION_REPUTATION_CHANGES_JT (FACTION_ID, CHANGE_AMOUNT, ENTITY_ID) VALUES (3, -10, 3);
INSERT INTO FACTION_REPUTATION_CHANGES_JT (FACTION_ID, CHANGE_AMOUNT, ENTITY_ID) VALUES (2, -100, 3);
INSERT INTO FACTION_REPUTATION_CHANGES_JT (FACTION_ID, CHANGE_AMOUNT, ENTITY_ID) VALUES (1, 25, 3);
INSERT INTO FACTION_REPUTATION_CHANGES_JT (FACTION_ID, CHANGE_AMOUNT, ENTITY_ID) VALUES (3, 10, 4);
INSERT INTO FACTION_REPUTATION_CHANGES_JT (FACTION_ID, CHANGE_AMOUNT, ENTITY_ID) VALUES (1, -25, 4);
INSERT INTO FACTION_REPUTATION_CHANGES_JT (FACTION_ID, CHANGE_AMOUNT, ENTITY_ID) VALUES (4, -10, 4);
INSERT INTO FACTION_REPUTATION_CHANGES_JT (FACTION_ID, CHANGE_AMOUNT, ENTITY_ID) VALUES (2, 100, 4);
INSERT INTO FACTION_REPUTATION_CHANGES_JT (FACTION_ID, CHANGE_AMOUNT, ENTITY_ID) VALUES (4, -20, 5);
INSERT INTO FACTION_REPUTATION_CHANGES_JT (FACTION_ID, CHANGE_AMOUNT, ENTITY_ID) VALUES (3, -30, 5);
INSERT INTO FACTION_REPUTATION_CHANGES_JT (FACTION_ID, CHANGE_AMOUNT, ENTITY_ID) VALUES (1, 250, 5);
INSERT INTO FACTION_REPUTATION_CHANGES_JT (FACTION_ID, CHANGE_AMOUNT, ENTITY_ID) VALUES (2, -100, 5);
INSERT INTO FACTION_REPUTATION_CHANGES_JT (FACTION_ID, CHANGE_AMOUNT, ENTITY_ID) VALUES (1, 50, 6);
INSERT INTO FACTION_REPUTATION_CHANGES_JT (FACTION_ID, CHANGE_AMOUNT, ENTITY_ID) VALUES (2, -10, 6);
INSERT INTO FACTION_REPUTATION_CHANGES_JT (FACTION_ID, CHANGE_AMOUNT, ENTITY_ID) VALUES (3, -10, 6);
INSERT INTO FACTION_REPUTATION_CHANGES_JT (FACTION_ID, CHANGE_AMOUNT, ENTITY_ID) VALUES (3, -10, 7);
INSERT INTO FACTION_REPUTATION_CHANGES_JT (FACTION_ID, CHANGE_AMOUNT, ENTITY_ID) VALUES (4, 10, 7);
INSERT INTO FACTION_REPUTATION_CHANGES_JT (FACTION_ID, CHANGE_AMOUNT, ENTITY_ID) VALUES (1, 50, 7);
INSERT INTO FACTION_REPUTATION_CHANGES_JT (FACTION_ID, CHANGE_AMOUNT, ENTITY_ID) VALUES (1, 200, 8);
INSERT INTO FACTION_REPUTATION_CHANGES_JT (FACTION_ID, CHANGE_AMOUNT, ENTITY_ID) VALUES (2, -200, 8);
INSERT INTO FACTION_REPUTATION_CHANGES_JT (FACTION_ID, CHANGE_AMOUNT, ENTITY_ID) VALUES (1, -50, 9);
INSERT INTO FACTION_REPUTATION_CHANGES_JT (FACTION_ID, CHANGE_AMOUNT, ENTITY_ID) VALUES (3, 25, 9);
INSERT INTO FACTION_REPUTATION_CHANGES_JT (FACTION_ID, CHANGE_AMOUNT, ENTITY_ID) VALUES (2, 200, 9);
INSERT INTO FACTION_REPUTATION_CHANGES_JT (FACTION_ID, CHANGE_AMOUNT, ENTITY_ID) VALUES (4, -10, 9);
INSERT INTO FACTION_REPUTATION_CHANGES_JT (FACTION_ID, CHANGE_AMOUNT, ENTITY_ID) VALUES (3, -100, 10);
INSERT INTO FACTION_REPUTATION_CHANGES_JT (FACTION_ID, CHANGE_AMOUNT, ENTITY_ID) VALUES (2, 100, 10);
INSERT INTO FACTION_REPUTATION_CHANGES_JT (FACTION_ID, CHANGE_AMOUNT, ENTITY_ID) VALUES (4, 100, 10);
INSERT INTO FACTION_REPUTATION_CHANGES_JT (FACTION_ID, CHANGE_AMOUNT, ENTITY_ID) VALUES (1, -400, 10);
INSERT INTO FACTION_REPUTATION_CHANGES_JT (FACTION_ID, CHANGE_AMOUNT, ENTITY_ID) VALUES (3, -50, 11);
INSERT INTO FACTION_REPUTATION_CHANGES_JT (FACTION_ID, CHANGE_AMOUNT, ENTITY_ID) VALUES (4, 200, 11);
INSERT INTO FACTION_REPUTATION_CHANGES_JT (FACTION_ID, CHANGE_AMOUNT, ENTITY_ID) VALUES (2, -50, 11);
INSERT INTO FACTION_REPUTATION_CHANGES_JT (FACTION_ID, CHANGE_AMOUNT, ENTITY_ID) VALUES (1, -150, 11);
INSERT INTO FACTION_REPUTATION_CHANGES_JT (FACTION_ID, CHANGE_AMOUNT, ENTITY_ID) VALUES (2, -10, 12);
INSERT INTO FACTION_REPUTATION_CHANGES_JT (FACTION_ID, CHANGE_AMOUNT, ENTITY_ID) VALUES (3, -200, 12);
INSERT INTO FACTION_REPUTATION_CHANGES_JT (FACTION_ID, CHANGE_AMOUNT, ENTITY_ID) VALUES (1, 50, 12);
INSERT INTO FACTION_REPUTATION_CHANGES_JT (FACTION_ID, CHANGE_AMOUNT, ENTITY_ID) VALUES (4, 150, 12);
INSERT INTO FACTION_REPUTATION_CHANGES_JT (FACTION_ID, CHANGE_AMOUNT, ENTITY_ID) VALUES (2, 25, 13);
INSERT INTO FACTION_REPUTATION_CHANGES_JT (FACTION_ID, CHANGE_AMOUNT, ENTITY_ID) VALUES (3, 50, 13);
INSERT INTO FACTION_REPUTATION_CHANGES_JT (FACTION_ID, CHANGE_AMOUNT, ENTITY_ID) VALUES (4, 200, 13);
INSERT INTO FACTION_REPUTATION_CHANGES_JT (FACTION_ID, CHANGE_AMOUNT, ENTITY_ID) VALUES (1, 25, 13);
INSERT INTO FACTION_REPUTATION_CHANGES_JT (FACTION_ID, CHANGE_AMOUNT, ENTITY_ID) VALUES (4, 200, 14);
INSERT INTO FACTION_REPUTATION_CHANGES_JT (FACTION_ID, CHANGE_AMOUNT, ENTITY_ID) VALUES (2, -200, 14);
INSERT INTO FACTION_REPUTATION_CHANGES_JT (FACTION_ID, CHANGE_AMOUNT, ENTITY_ID) VALUES (3, -50, 14);
INSERT INTO FACTION_REPUTATION_CHANGES_JT (FACTION_ID, CHANGE_AMOUNT, ENTITY_ID) VALUES (1, -100, 14);
INSERT INTO FACTION_REPUTATION_CHANGES_JT (FACTION_ID, CHANGE_AMOUNT, ENTITY_ID) VALUES (2, 50, 15);
INSERT INTO FACTION_REPUTATION_CHANGES_JT (FACTION_ID, CHANGE_AMOUNT, ENTITY_ID) VALUES (1, -25, 15);
INSERT INTO FACTION_REPUTATION_CHANGES_JT (FACTION_ID, CHANGE_AMOUNT, ENTITY_ID) VALUES (3, 200, 15);
INSERT INTO FACTION_REPUTATION_CHANGES_JT (FACTION_ID, CHANGE_AMOUNT, ENTITY_ID) VALUES (4, -300, 15);
INSERT INTO FACTION_REPUTATION_CHANGES_JT (FACTION_ID, CHANGE_AMOUNT, ENTITY_ID) VALUES (4, 250, 16);
INSERT INTO FACTION_REPUTATION_CHANGES_JT (FACTION_ID, CHANGE_AMOUNT, ENTITY_ID) VALUES (2, -50, 16);
INSERT INTO FACTION_REPUTATION_CHANGES_JT (FACTION_ID, CHANGE_AMOUNT, ENTITY_ID) VALUES (3, -250, 16);
INSERT INTO FACTION_REPUTATION_CHANGES_JT (FACTION_ID, CHANGE_AMOUNT, ENTITY_ID) VALUES (1, -100, 16);
INSERT INTO FACTION_REPUTATION_CHANGES_JT (FACTION_ID, CHANGE_AMOUNT, ENTITY_ID) VALUES (3, -50, 17);
INSERT INTO FACTION_REPUTATION_CHANGES_JT (FACTION_ID, CHANGE_AMOUNT, ENTITY_ID) VALUES (2, 100, 17);
INSERT INTO FACTION_REPUTATION_CHANGES_JT (FACTION_ID, CHANGE_AMOUNT, ENTITY_ID) VALUES (1, 150, 17);
INSERT INTO FACTION_REPUTATION_CHANGES_JT (FACTION_ID, CHANGE_AMOUNT, ENTITY_ID) VALUES (4, 150, 17);

INSERT INTO EVENTS_BT (EVENT_ID) VALUES (19);
INSERT INTO EVENTS_BT (EVENT_ID) VALUES (20);
INSERT INTO EVENTS_BT (EVENT_ID) VALUES (21);
INSERT INTO EVENTS_BT (EVENT_ID) VALUES (22);
INSERT INTO EVENTS_BT (EVENT_ID) VALUES (23);
INSERT INTO EVENTS_BT (EVENT_ID) VALUES (24);
INSERT INTO EVENTS_BT (EVENT_ID) VALUES (25);
INSERT INTO EVENTS_BT (EVENT_ID) VALUES (26);
INSERT INTO EVENTS_BT (EVENT_ID) VALUES (27);
INSERT INTO EVENTS_BT (EVENT_ID) VALUES (28);
INSERT INTO EVENTS_BT (EVENT_ID) VALUES (29);
INSERT INTO EVENTS_BT (EVENT_ID) VALUES (30);
INSERT INTO EVENTS_BT (EVENT_ID) VALUES (31);
INSERT INTO EVENTS_BT (EVENT_ID) VALUES (32);
INSERT INTO EVENTS_BT (EVENT_ID) VALUES (33);
INSERT INTO EVENTS_BT (EVENT_ID) VALUES (34);
INSERT INTO EVENTS_BT (EVENT_ID) VALUES (35);
INSERT INTO EVENTS_BT (EVENT_ID) VALUES (36);
INSERT INTO EVENTS_BT (EVENT_ID) VALUES (37);
INSERT INTO EVENTS_BT (EVENT_ID) VALUES (38);
INSERT INTO EVENTS_BT (EVENT_ID) VALUES (39);
INSERT INTO EVENTS_BT (EVENT_ID) VALUES (40);
INSERT INTO EVENTS_BT (EVENT_ID) VALUES (41);
INSERT INTO EVENTS_BT (EVENT_ID) VALUES (42);
INSERT INTO EVENTS_BT (EVENT_ID) VALUES (43);
INSERT INTO EVENTS_BT (EVENT_ID) VALUES (44);
INSERT INTO EVENTS_BT (EVENT_ID) VALUES (45);
INSERT INTO EVENTS_BT (EVENT_ID) VALUES (46);
INSERT INTO EVENTS_BT (EVENT_ID) VALUES (47);
INSERT INTO EVENTS_BT (EVENT_ID) VALUES (48);
INSERT INTO EVENTS_BT (EVENT_ID) VALUES (49);
INSERT INTO EVENTS_BT (EVENT_ID) VALUES (50);
INSERT INTO EVENTS_BT (EVENT_ID) VALUES (51);
INSERT INTO EVENTS_BT (EVENT_ID) VALUES (52);
INSERT INTO EVENTS_BT (EVENT_ID) VALUES (53);
INSERT INTO EVENTS_BT (EVENT_ID) VALUES (54);
INSERT INTO EVENTS_BT (EVENT_ID) VALUES (55);
INSERT INTO EVENTS_BT (EVENT_ID) VALUES (56);
INSERT INTO EVENTS_BT (EVENT_ID) VALUES (57);
INSERT INTO EVENTS_BT (EVENT_ID) VALUES (58);
INSERT INTO EVENTS_BT (EVENT_ID) VALUES (59);
INSERT INTO EVENTS_BT (EVENT_ID) VALUES (60);
INSERT INTO EVENTS_BT (EVENT_ID) VALUES (61);
INSERT INTO EVENTS_BT (EVENT_ID) VALUES (62);
INSERT INTO EVENTS_BT (EVENT_ID) VALUES (63);
INSERT INTO EVENTS_BT (EVENT_ID) VALUES (64);
INSERT INTO EVENTS_BT (EVENT_ID) VALUES (65);
INSERT INTO EVENTS_BT (EVENT_ID) VALUES (66);
INSERT INTO EVENTS_BT (EVENT_ID) VALUES (67);
INSERT INTO EVENTS_BT (EVENT_ID) VALUES (68);
INSERT INTO EVENTS_BT (EVENT_ID) VALUES (69);
INSERT INTO EVENTS_BT (EVENT_ID) VALUES (70);
INSERT INTO EVENTS_BT (EVENT_ID) VALUES (71);
INSERT INTO EVENTS_BT (EVENT_ID) VALUES (72);
INSERT INTO EVENTS_BT (EVENT_ID) VALUES (73);
INSERT INTO EVENTS_BT (EVENT_ID) VALUES (74);

-- Log: Boba Fett - Bounty Job Bib Fortuna
INSERT INTO LOGS (LOG_ID, LOG_DATE, SPACE_ID, AIRCRAFT_ID) VALUES (1, '2020-11-1 08:15:00', 5, 16);
INSERT INTO LOGS (LOG_ID, LOG_DATE, SPACE_ID, AIRCRAFT_ID) VALUES (2, '2020-11-1 08:45:00', 4, 16);
INSERT INTO LOGS (LOG_ID, LOG_DATE, SPACE_ID, AIRCRAFT_ID) VALUES (3, '2020-11-1 09:18:00', 7, 16);

INSERT INTO NAVIGATION_EVENTS (START_SPACE_ID, END_SPACE_ID, EVENT_ID) VALUES (5, 4, 19);
INSERT INTO LOG_HAS_EVENTS_JT (LOG_ID, EVENT_ID) VALUES (2, 19);
INSERT INTO NAVIGATION_EVENTS (START_SPACE_ID, END_SPACE_ID, EVENT_ID) VALUES (4, 7, 20);
INSERT INTO LOG_HAS_EVENTS_JT (LOG_ID, EVENT_ID) VALUES (3, 20);


-- Log: Boba Fett - Warlord
INSERT INTO LOGS (LOG_ID, LOG_DATE, SPACE_ID, AIRCRAFT_ID) VALUES (4, '2022-10-28 15:10:00', 18, 16);

INSERT INTO NAVIGATION_EVENTS (START_SPACE_ID, END_SPACE_ID, EVENT_ID) VALUES (18, 18, 21);
INSERT INTO LOG_HAS_EVENTS_JT (LOG_ID, EVENT_ID) VALUES (4, 21);

-- Log: Han Crew - Capo
INSERT INTO LOGS (LOG_ID, LOG_DATE, SPACE_ID, AIRCRAFT_ID) VALUES (5, '2023-08-07 12:15:00', 18, 17);
INSERT INTO LOGS (LOG_ID, LOG_DATE, SPACE_ID, AIRCRAFT_ID) VALUES (6, '2023-08-07 12:15:00', 20, 17);
INSERT INTO LOGS (LOG_ID, LOG_DATE, SPACE_ID, AIRCRAFT_ID) VALUES (7, '2023-08-07 12:15:00', 22, 17);

INSERT INTO NAVIGATION_EVENTS (START_SPACE_ID, END_SPACE_ID, EVENT_ID) VALUES (18, 20, 22);
INSERT INTO LOG_HAS_EVENTS_JT (LOG_ID, EVENT_ID) VALUES (6, 22);
INSERT INTO NAVIGATION_EVENTS (START_SPACE_ID, END_SPACE_ID, EVENT_ID) VALUES (20, 22, 23);
INSERT INTO LOG_HAS_EVENTS_JT (LOG_ID, EVENT_ID) VALUES (7, 23);

-- Log: Boba Fett - Pirates
INSERT INTO LOGS (LOG_ID, LOG_DATE, SPACE_ID, AIRCRAFT_ID) VALUES (8, '2022-04-02 12:15:00', 14, 16);
INSERT INTO LOGS (LOG_ID, LOG_DATE, SPACE_ID, AIRCRAFT_ID) VALUES (9, '2022-04-02 13::00', 11, 16);
INSERT INTO LOGS (LOG_ID, LOG_DATE, SPACE_ID, AIRCRAFT_ID) VALUES (10, '2022-04-02 13:15:00', 8, 16);
INSERT INTO LOGS (LOG_ID, LOG_DATE, SPACE_ID, AIRCRAFT_ID) VALUES (11, '2022-04-02 14:25:00', 10, 16);
INSERT INTO LOGS (LOG_ID, LOG_DATE, SPACE_ID, AIRCRAFT_ID) VALUES (12, '2022-04-02 14:40:00', 6, 16);
INSERT INTO LOGS (LOG_ID, LOG_DATE, SPACE_ID, AIRCRAFT_ID) VALUES (13, '2022-04-02 15:00:00', 4, 16);
INSERT INTO LOGS (LOG_ID, LOG_DATE, SPACE_ID, AIRCRAFT_ID) VALUES (14, '2022-04-02 15:15:00', 7, 16);

INSERT INTO NAVIGATION_EVENTS (START_SPACE_ID, END_SPACE_ID, EVENT_ID) VALUES (14, 11, 24);
INSERT INTO LOG_HAS_EVENTS_JT (LOG_ID, EVENT_ID) VALUES (9, 24);
INSERT INTO NAVIGATION_EVENTS (START_SPACE_ID, END_SPACE_ID, EVENT_ID) VALUES (11, 8, 25);
INSERT INTO LOG_HAS_EVENTS_JT (LOG_ID, EVENT_ID) VALUES (10, 25);
INSERT INTO NAVIGATION_EVENTS (START_SPACE_ID, END_SPACE_ID, EVENT_ID) VALUES (10, 6, 27);
INSERT INTO LOG_HAS_EVENTS_JT (LOG_ID, EVENT_ID) VALUES (11, 27);
INSERT INTO NAVIGATION_EVENTS (START_SPACE_ID, END_SPACE_ID, EVENT_ID) VALUES (6, 4, 28);
INSERT INTO LOG_HAS_EVENTS_JT (LOG_ID, EVENT_ID) VALUES (12, 28);
INSERT INTO NAVIGATION_EVENTS (START_SPACE_ID, END_SPACE_ID, EVENT_ID) VALUES (4, 7, 29);
INSERT INTO LOG_HAS_EVENTS_JT (LOG_ID, EVENT_ID) VALUES (13, 29);


-- Log: Boba Fett - Fright Job
INSERT INTO LOGS (LOG_ID, LOG_DATE, SPACE_ID, AIRCRAFT_ID) VALUES (15, '2020-11-07 10:00:00', 17, 16);
INSERT INTO LOGS (LOG_ID, LOG_DATE, SPACE_ID, AIRCRAFT_ID) VALUES (16, '2020-11-07 10:20:00', 15, 16);
INSERT INTO LOGS (LOG_ID, LOG_DATE, SPACE_ID, AIRCRAFT_ID) VALUES (17, '2020-11-07 11:40:00', 14, 16);
INSERT INTO LOGS (LOG_ID, LOG_DATE, SPACE_ID, AIRCRAFT_ID) VALUES (18, '2020-11-07 12:10:00', 11, 16);
INSERT INTO LOGS (LOG_ID, LOG_DATE, SPACE_ID, AIRCRAFT_ID) VALUES (19, '2020-11-07 13:00:00', 8, 16);
INSERT INTO LOGS (LOG_ID, LOG_DATE, SPACE_ID, AIRCRAFT_ID) VALUES (20, '2020-11-07 13:15:00', 23, 16);
INSERT INTO LOGS (LOG_ID, LOG_DATE, SPACE_ID, AIRCRAFT_ID) VALUES (21, '2020-11-07 13:40:00', 9, 16);
INSERT INTO LOGS (LOG_ID, LOG_DATE, SPACE_ID, AIRCRAFT_ID) VALUES (22, '2020-11-07 14:10:00', 5, 16);

INSERT INTO NAVIGATION_EVENTS (START_SPACE_ID, END_SPACE_ID, EVENT_ID) VALUES (17, 15, 30);
INSERT INTO NAVIGATION_EVENTS (START_SPACE_ID, END_SPACE_ID, EVENT_ID) VALUES (15, 14, 31);
INSERT INTO LOG_HAS_EVENTS_JT (LOG_ID, EVENT_ID) VALUES (16, 31);
INSERT INTO NAVIGATION_EVENTS (START_SPACE_ID, END_SPACE_ID, EVENT_ID) VALUES (14, 11, 32);
INSERT INTO LOG_HAS_EVENTS_JT (LOG_ID, EVENT_ID) VALUES (17, 32);
INSERT INTO NAVIGATION_EVENTS (START_SPACE_ID, END_SPACE_ID, EVENT_ID) VALUES (11, 8, 33);
INSERT INTO LOG_HAS_EVENTS_JT (LOG_ID, EVENT_ID) VALUES (18, 33);
INSERT INTO NAVIGATION_EVENTS (START_SPACE_ID, END_SPACE_ID, EVENT_ID) VALUES (8, 23, 34);
INSERT INTO LOG_HAS_EVENTS_JT (LOG_ID, EVENT_ID) VALUES (19, 34);
INSERT INTO NAVIGATION_EVENTS (START_SPACE_ID, END_SPACE_ID, EVENT_ID) VALUES (23, 9, 35);
INSERT INTO LOG_HAS_EVENTS_JT (LOG_ID, EVENT_ID) VALUES (20, 35);
INSERT INTO NAVIGATION_EVENTS (START_SPACE_ID, END_SPACE_ID, EVENT_ID) VALUES (9, 5, 36);
INSERT INTO LOG_HAS_EVENTS_JT (LOG_ID, EVENT_ID) VALUES (21, 36);

-- Log: Han Solo - Fright Job
INSERT INTO LOGS (LOG_ID, LOG_DATE, SPACE_ID, AIRCRAFT_ID) VALUES (23, '2021-04-07 8:00:00', 23, 17);
INSERT INTO LOGS (LOG_ID, LOG_DATE, SPACE_ID, AIRCRAFT_ID) VALUES (24, '2021-04-07 8:15:00', 9, 17);
INSERT INTO LOGS (LOG_ID, LOG_DATE, SPACE_ID, AIRCRAFT_ID) VALUES (25, '2021-04-07 10:10:00', 5, 17);
INSERT INTO LOGS (LOG_ID, LOG_DATE, SPACE_ID, AIRCRAFT_ID) VALUES (26, '2021-04-07 10:20:00', 4, 17);
INSERT INTO LOGS (LOG_ID, LOG_DATE, SPACE_ID, AIRCRAFT_ID) VALUES (27, '2021-04-07 10:20:00', 7, 17);

INSERT INTO NAVIGATION_EVENTS (START_SPACE_ID, END_SPACE_ID, EVENT_ID) VALUES (23, 9, 37);
INSERT INTO NAVIGATION_EVENTS (START_SPACE_ID, END_SPACE_ID, EVENT_ID) VALUES (9, 5, 38);
INSERT INTO LOG_HAS_EVENTS_JT (LOG_ID, EVENT_ID) VALUES (24, 38);
INSERT INTO NAVIGATION_EVENTS (START_SPACE_ID, END_SPACE_ID, EVENT_ID) VALUES (5, 4, 39);
INSERT INTO LOG_HAS_EVENTS_JT (LOG_ID, EVENT_ID) VALUES (25, 39);
INSERT INTO NAVIGATION_EVENTS (START_SPACE_ID, END_SPACE_ID, EVENT_ID) VALUES (4, 7, 40);
INSERT INTO LOG_HAS_EVENTS_JT (LOG_ID, EVENT_ID) VALUES (26, 40);


-- Log: Boba Fett - Lobot
INSERT INTO LOGS (LOG_ID, LOG_DATE, SPACE_ID, AIRCRAFT_ID) VALUES (28, '2024-11-07 12:00:00', 21, 16);
INSERT INTO LOGS (LOG_ID, LOG_DATE, SPACE_ID, AIRCRAFT_ID) VALUES (29, '2024-11-07 12:30:00', 19, 16);
INSERT INTO LOGS (LOG_ID, LOG_DATE, SPACE_ID, AIRCRAFT_ID) VALUES (30, '2024-11-07 13:10:00', 18, 16);
INSERT INTO LOGS (LOG_ID, LOG_DATE, SPACE_ID, AIRCRAFT_ID) VALUES (31, '2024-11-07 13:55:00', 16, 16);
INSERT INTO LOGS (LOG_ID, LOG_DATE, SPACE_ID, AIRCRAFT_ID) VALUES (32, '2024-11-07 14:34:00', 15, 16);
INSERT INTO LOGS (LOG_ID, LOG_DATE, SPACE_ID, AIRCRAFT_ID) VALUES (33, '2024-11-07 15:10:00', 14, 16);
INSERT INTO LOGS (LOG_ID, LOG_DATE, SPACE_ID, AIRCRAFT_ID) VALUES (34, '2024-11-07 15:40:00', 11, 16);
INSERT INTO LOGS (LOG_ID, LOG_DATE, SPACE_ID, AIRCRAFT_ID) VALUES (35, '2024-11-07 16:12:00', 8, 16);
INSERT INTO LOGS (LOG_ID, LOG_DATE, SPACE_ID, AIRCRAFT_ID) VALUES (36, '2024-11-07 16:30:00', 10, 16);
INSERT INTO LOGS (LOG_ID, LOG_DATE, SPACE_ID, AIRCRAFT_ID) VALUES (37, '2024-11-07 16:55:00', 6, 16);
INSERT INTO LOGS (LOG_ID, LOG_DATE, SPACE_ID, AIRCRAFT_ID) VALUES (38, '2024-11-07 17:14:00', 4, 16);
INSERT INTO LOGS (LOG_ID, LOG_DATE, SPACE_ID, AIRCRAFT_ID) VALUES (39, '2024-11-07 18:10:00', 7, 16);

INSERT INTO NAVIGATION_EVENTS (START_SPACE_ID, END_SPACE_ID, EVENT_ID) VALUES (21, 19, 41);
INSERT INTO NAVIGATION_EVENTS (START_SPACE_ID, END_SPACE_ID, EVENT_ID) VALUES (19, 18, 42);
INSERT INTO LOG_HAS_EVENTS_JT (LOG_ID, EVENT_ID) VALUES (29, 42);
INSERT INTO NAVIGATION_EVENTS (START_SPACE_ID, END_SPACE_ID, EVENT_ID) VALUES (18, 16, 43);
INSERT INTO LOG_HAS_EVENTS_JT (LOG_ID, EVENT_ID) VALUES (30, 43);
INSERT INTO NAVIGATION_EVENTS (START_SPACE_ID, END_SPACE_ID, EVENT_ID) VALUES (16, 15, 44);
INSERT INTO LOG_HAS_EVENTS_JT (LOG_ID, EVENT_ID) VALUES (31, 44);
INSERT INTO NAVIGATION_EVENTS (START_SPACE_ID, END_SPACE_ID, EVENT_ID) VALUES (15, 14, 45);
INSERT INTO LOG_HAS_EVENTS_JT (LOG_ID, EVENT_ID) VALUES (32, 45);
INSERT INTO NAVIGATION_EVENTS (START_SPACE_ID, END_SPACE_ID, EVENT_ID) VALUES (14, 11, 46);
INSERT INTO LOG_HAS_EVENTS_JT (LOG_ID, EVENT_ID) VALUES (33, 46);
INSERT INTO NAVIGATION_EVENTS (START_SPACE_ID, END_SPACE_ID, EVENT_ID) VALUES (11, 8, 47);
INSERT INTO LOG_HAS_EVENTS_JT (LOG_ID, EVENT_ID) VALUES (34, 47);
INSERT INTO NAVIGATION_EVENTS (START_SPACE_ID, END_SPACE_ID, EVENT_ID) VALUES (10, 6, 49);
INSERT INTO LOG_HAS_EVENTS_JT (LOG_ID, EVENT_ID) VALUES (35, 49);
INSERT INTO NAVIGATION_EVENTS (START_SPACE_ID, END_SPACE_ID, EVENT_ID) VALUES (6, 4, 50);
INSERT INTO LOG_HAS_EVENTS_JT (LOG_ID, EVENT_ID) VALUES (36, 50);
INSERT INTO NAVIGATION_EVENTS (START_SPACE_ID, END_SPACE_ID, EVENT_ID) VALUES (4, 7, 51);
INSERT INTO LOG_HAS_EVENTS_JT (LOG_ID, EVENT_ID) VALUES (37, 51);


-- Log: Boba Fett - Ponda Baba
INSERT INTO LOGS (LOG_ID, LOG_DATE, SPACE_ID, AIRCRAFT_ID) VALUES (41, '2023-04-07 06:00:00', 14, 16);
INSERT INTO LOGS (LOG_ID, LOG_DATE, SPACE_ID, AIRCRAFT_ID) VALUES (42, '2023-04-07 08:10:00', 15, 16);
INSERT INTO LOGS (LOG_ID, LOG_DATE, SPACE_ID, AIRCRAFT_ID) VALUES (43, '2023-04-07 08:40:00', 16, 16);
INSERT INTO LOGS (LOG_ID, LOG_DATE, SPACE_ID, AIRCRAFT_ID) VALUES (44, '2023-04-07 10:15:00', 18, 16);

INSERT INTO NAVIGATION_EVENTS (START_SPACE_ID, END_SPACE_ID, EVENT_ID) VALUES (14, 15, 52);
INSERT INTO LOG_HAS_EVENTS_JT (LOG_ID, EVENT_ID) VALUES (42, 52);
INSERT INTO NAVIGATION_EVENTS (START_SPACE_ID, END_SPACE_ID, EVENT_ID) VALUES (15, 16, 53);
INSERT INTO LOG_HAS_EVENTS_JT (LOG_ID, EVENT_ID) VALUES (43, 53);
INSERT INTO NAVIGATION_EVENTS (START_SPACE_ID, END_SPACE_ID, EVENT_ID) VALUES (16, 18, 54);
INSERT INTO LOG_HAS_EVENTS_JT (LOG_ID, EVENT_ID) VALUES (44, 54);


-- Log: Han Solo - Plunder Jabas Treasure
INSERT INTO LOGS (LOG_ID, LOG_DATE, SPACE_ID, AIRCRAFT_ID) VALUES (45, '2023-07-22 13:15:00', 12, 17);
INSERT INTO LOGS (LOG_ID, LOG_DATE, SPACE_ID, AIRCRAFT_ID) VALUES (46, '2023-07-22 14:10:00', 8, 17);
INSERT INTO LOGS (LOG_ID, LOG_DATE, SPACE_ID, AIRCRAFT_ID) VALUES (47, '2023-07-22 14:38:00', 23, 17);
INSERT INTO LOGS (LOG_ID, LOG_DATE, SPACE_ID, AIRCRAFT_ID) VALUES (48, '2023-07-22 15:12:00', 9, 17);
INSERT INTO LOGS (LOG_ID, LOG_DATE, SPACE_ID, AIRCRAFT_ID) VALUES (49, '2023-07-22 16:10:00', 5, 17);

INSERT INTO NAVIGATION_EVENTS (START_SPACE_ID, END_SPACE_ID, EVENT_ID) VALUES (12, 8, 55);
INSERT INTO LOG_HAS_EVENTS_JT (LOG_ID, EVENT_ID) VALUES (46, 55);
INSERT INTO NAVIGATION_EVENTS (START_SPACE_ID, END_SPACE_ID, EVENT_ID) VALUES (8, 23, 56);
INSERT INTO LOG_HAS_EVENTS_JT (LOG_ID, EVENT_ID) VALUES (47, 56);
INSERT INTO NAVIGATION_EVENTS (START_SPACE_ID, END_SPACE_ID, EVENT_ID) VALUES (23, 9, 57);
INSERT INTO LOG_HAS_EVENTS_JT (LOG_ID, EVENT_ID) VALUES (48, 57);
INSERT INTO NAVIGATION_EVENTS (START_SPACE_ID, END_SPACE_ID, EVENT_ID) VALUES (9, 5, 58);
INSERT INTO LOG_HAS_EVENTS_JT (LOG_ID, EVENT_ID) VALUES (49, 58);


-- Log: Han Solo - Pirates Wookies
INSERT INTO LOGS (LOG_ID, LOG_DATE, SPACE_ID, AIRCRAFT_ID) VALUES (51, '2023-06-16 01:00:00', 12, 17);
INSERT INTO LOGS (LOG_ID, LOG_DATE, SPACE_ID, AIRCRAFT_ID) VALUES (52, '2023-06-16 01:30:00', 13, 17);
INSERT INTO LOGS (LOG_ID, LOG_DATE, SPACE_ID, AIRCRAFT_ID) VALUES (53, '2023-06-16 02:12:00', 15, 17);
INSERT INTO LOGS (LOG_ID, LOG_DATE, SPACE_ID, AIRCRAFT_ID) VALUES (54, '2023-06-16 02:16:00', 16, 17);
INSERT INTO LOGS (LOG_ID, LOG_DATE, SPACE_ID, AIRCRAFT_ID) VALUES (55, '2023-06-16 04:17:00', 18, 17);

INSERT INTO NAVIGATION_EVENTS (START_SPACE_ID, END_SPACE_ID, EVENT_ID) VALUES (12, 13, 59);
INSERT INTO LOG_HAS_EVENTS_JT (LOG_ID, EVENT_ID) VALUES (52, 59);
INSERT INTO NAVIGATION_EVENTS (START_SPACE_ID, END_SPACE_ID, EVENT_ID) VALUES (13, 15, 60);
INSERT INTO LOG_HAS_EVENTS_JT (LOG_ID, EVENT_ID) VALUES (53, 60);
INSERT INTO NAVIGATION_EVENTS (START_SPACE_ID, END_SPACE_ID, EVENT_ID) VALUES (15, 16, 61);
INSERT INTO LOG_HAS_EVENTS_JT (LOG_ID, EVENT_ID) VALUES (54, 61);
INSERT INTO NAVIGATION_EVENTS (START_SPACE_ID, END_SPACE_ID, EVENT_ID) VALUES (16, 18, 62);
INSERT INTO LOG_HAS_EVENTS_JT (LOG_ID, EVENT_ID) VALUES (55, 62);


-- Log: Bad Badge - Spies Repbulic Empire
INSERT INTO LOGS (LOG_ID, LOG_DATE, SPACE_ID, AIRCRAFT_ID) VALUES (56, '2023-09-07 12:10:00', 12, 15);
INSERT INTO LOGS (LOG_ID, LOG_DATE, SPACE_ID, AIRCRAFT_ID) VALUES (57, '2023-09-07 13:34:00', 13, 15);
INSERT INTO LOGS (LOG_ID, LOG_DATE, SPACE_ID, AIRCRAFT_ID) VALUES (58, '2023-09-07 14:12:00', 15, 15);
INSERT INTO LOGS (LOG_ID, LOG_DATE, SPACE_ID, AIRCRAFT_ID) VALUES (59, '2023-09-07 16:45:00', 16, 15);
INSERT INTO LOGS (LOG_ID, LOG_DATE, SPACE_ID, AIRCRAFT_ID) VALUES (60, '2023-09-07 17:26:00', 18, 15);
INSERT INTO LOGS (LOG_ID, LOG_DATE, SPACE_ID, AIRCRAFT_ID) VALUES (61, '2023-09-07 18:21:00', 19, 15);
INSERT INTO LOGS (LOG_ID, LOG_DATE, SPACE_ID, AIRCRAFT_ID) VALUES (62, '2023-09-07 21:45:00', 21, 15);

INSERT INTO NAVIGATION_EVENTS (START_SPACE_ID, END_SPACE_ID, EVENT_ID) VALUES (12, 13, 63);
INSERT INTO LOG_HAS_EVENTS_JT (LOG_ID, EVENT_ID) VALUES (57, 63);
INSERT INTO NAVIGATION_EVENTS (START_SPACE_ID, END_SPACE_ID, EVENT_ID) VALUES (13, 15, 64);
INSERT INTO LOG_HAS_EVENTS_JT (LOG_ID, EVENT_ID) VALUES (58, 64);
INSERT INTO NAVIGATION_EVENTS (START_SPACE_ID, END_SPACE_ID, EVENT_ID) VALUES (15, 16, 65);
INSERT INTO LOG_HAS_EVENTS_JT (LOG_ID, EVENT_ID) VALUES (59, 65);
INSERT INTO NAVIGATION_EVENTS (START_SPACE_ID, END_SPACE_ID, EVENT_ID) VALUES (16, 18, 66);
INSERT INTO LOG_HAS_EVENTS_JT (LOG_ID, EVENT_ID) VALUES (60, 66);
INSERT INTO NAVIGATION_EVENTS (START_SPACE_ID, END_SPACE_ID, EVENT_ID) VALUES (18, 19, 67);
INSERT INTO LOG_HAS_EVENTS_JT (LOG_ID, EVENT_ID) VALUES (61, 67);
INSERT INTO NAVIGATION_EVENTS (START_SPACE_ID, END_SPACE_ID, EVENT_ID) VALUES (19, 21, 68);
INSERT INTO LOG_HAS_EVENTS_JT (LOG_ID, EVENT_ID) VALUES (62, 68);


-- Lothal -> Cantoinca
-- INSERT INTO NAVIGATION_EVENTS (START_SPACE_ID, END_SPACE_ID, EVENT_ID) VALUES (17, 16, 69);
-- INSERT INTO NAVIGATION_EVENTS (START_SPACE_ID, END_SPACE_ID, EVENT_ID) VALUES (16, 18, 70);
-- INSERT INTO NAVIGATION_EVENTS (START_SPACE_ID, END_SPACE_ID, EVENT_ID) VALUES (18, 19, 71);
-- INSERT INTO NAVIGATION_EVENTS (START_SPACE_ID, END_SPACE_ID, EVENT_ID) VALUES (19, 21, 72);
-- INSERT INTO NAVIGATION_EVENTS (START_SPACE_ID, END_SPACE_ID, EVENT_ID) VALUES (14, 15, 73);
-- INSERT INTO NAVIGATION_EVENTS (START_SPACE_ID, END_SPACE_ID, EVENT_ID) VALUES (15, 17, 74);
